TickerCode,CompanyName,StockExchange
24H,CTCP Quảng cáo trực tuyến 24H,OTC
AAA,Công ty Cổ phần Nhựa và Môi trường Xanh An Phát,HSX
AAAI,CTCP Bảo hiểm AAA,OTC
AACORP,CTCP Xây dựng Kiến trúc AA,OTC
AAM,Công ty Cổ phần Thủy sản Mekong,HSX
AAS,Công ty Cổ phần Chứng khoán Á Âu,OTC
ABB,Ngân hàng Thương mại cổ phần An Bình,OTC
ABC,Công ty cổ phần Truyền thông VMG,Upcom
ABF,Công ty cổ phần Quản lý quỹ đầu tư Chứng khoán An Bình,OTC
ABI,Công ty Cổ phần Bảo hiểm Ngân hàng Nông nghiệp ,Upcom
ABS,Công ty cổ phần Chứng khoán An Bình,OTC
ABT,Công ty Cổ phần Xuất nhập khẩu Thủy sản Bến Tre,HSX
AC4,Công ty Cổ phần ACC - 244,Upcom
ACB,Ngân hàng Thương mại Cổ phần Á Châu,HNX
ACBC,Công ty TNHH MTV Quản lý Quỹ ACB (ACBC),OTC
ACBS,Công ty TNHH Chứng khoán ACB,OTC
ACC,Công ty cổ phần Bê tông Becamex,HSX
ACCBQP,Tổng Công ty Xây dựng Công trình Hàng không,OTC
ACE,Công ty Cổ phần Bê tông ly tâm An Giang,Upcom
ACECOOK,CTCP Acecook Việt Nam,OTC
ACL,Công ty cổ phần Xuất nhập khẩu Thủy sản Cửu Long An Giang,HSX
ACM,CTCP Tập đoàn Khoáng sản Á Cường,HNX
ACV,Tổng công ty Cảng hàng không Việt Nam - CTCP,Upcom
ADC,Công ty Cổ phần Mĩ thuật và Truyền thông,HNX
ADP,Công ty Cổ phần Sơn Á Đông,Upcom
ADS,Công ty cổ phần Damsan,HSX
AFM,Công ty Cổ phần Quản lý quỹ AIC,OTC
AFX,Công ty Cổ phần Xuất nhập khẩu Nông sản Thực phẩm An Giang,Upcom
AGC,Công ty Cổ phần Cà phê An Giang,HNX
AGD,Công ty Cổ phần Gò Đàng,HSX
AGF,Công ty Cổ phần Xuất nhập khẩu Thủy sản An Giang,HSX
AGM,Công ty cổ phần Xuất nhập khẩu An Giang,HSX
AGP,CTCP Dược phẩm Agimexpharm,Upcom
AGPPS,Công ty Cổ phần Bảo vệ Thực vật An Giang,OTC
AGR,Công ty Cổ phần Chứng khoán Nông nghiệp và Phát triển Nông thôn,HSX
AGRIMECO,Tổng Công ty Cơ điện Xây dựng - CTCP,OTC
AGRIMEX,CTCP - Tổng Công ty Vật tư nông nghiệp Nghệ An,OTC
AGTEX28,Công TNHH MTV Tổng Công ty 28,OTC
AGX,Công ty cổ phần Thực phẩm Nông sản Xuất khẩu Sài Gòn,Upcom
AJINOMOTO,Công ty Ajinomoto Việt Nam,OTC
ALC,CTCP Âu Lạc,OTC
ALP,Công ty Cổ phần Đầu tư Alphanam,HSX
ALSX,CTCP Giao nhận Kho vận Hàng không,OTC
ALT,Công ty Cổ phần Văn hóa Tân Bình,HNX
ALV,Công ty Cổ phần Khoáng sản Vinas A Lưới,HNX
AMC,Công ty cổ phần Khoáng sản Á Châu,HNX
AMD,Công ty cổ phần Đầu tư và Khoáng sản AMD Group,HSX
AME,Công ty Cổ phần Alphanam E&C,HNX
AMP,Công ty Cổ phần Armephaco,Upcom
AMS,Công ty Cổ phần Cơ khí xây dựng AMECC,Upcom
AMV,CTCP Sản xuất Kinh doanh Dược và Trang thiết bị Y tế Việt Mỹ,HNX
ANC11601,Công ty Cổ phần Dinh dưỡng Nông nghiệp Quốc tế,HSX
ANDONG,CTCP Đầu tư An Đông,OTC
ANLONG,CTCP Thực phẩm An Long,OTC
ANOVA,Tập đoàn Anova,OTC
ANPHATCAPITAL,Công ty Cổ phần Quản lý quỹ đầu tư An Phát,OTC
ANPHONG,CTCP Đầu tư An Phong,OTC
ANT,CTCP Rau quả Thực phẩm An Giang,Upcom
ANV,Công ty Cổ phần Nam Việt ,HSX
APATIT,Công ty TNHH MTV Apatit Việt Nam,OTC
APC,Công ty Cổ phần Chiếu xạ An Phú,HSX
APF,CTCP Nông sản thực phẩm Quảng Ngãi,OTC
APG,Công ty Cổ phần Chứng khoán An Phát,HSX
API,Công ty Cổ phần Đầu tư Châu Á - Thái Bình Dương,HNX
APL,CTCP Cơ khí và Thiết bị áp lực - VVMI,Upcom
APP,Công ty Cổ phần Phát triển Phụ gia và Sản phẩm Dầu mỏ,HNX
APROMACO,CTCP Vật tư nông sản,OTC
APS,Công ty Cổ phần Chứng khoán Châu Á – Thái Bình Dương,HNX
APSC,Công ty Cổ phần Chứng khoán ALPHA,OTC
ARM,Công ty Cổ phần Xuất nhập khẩu Hàng không,HNX
ART,Công ty Cổ phần Chứng khoán Artex,OTC
ARTEXPORT,Công ty Cổ phần Xuất nhập khẩu Thủ công Mỹ nghệ,OTC
ASA,Công ty cổ phần Liên doanh SANA WMT,HNX
ASC,Công ty Cổ phần Chứng khoán ASC,OTC
ASD,Công ty Cổ phần Sông Đà Hà Nội,Upcom
ASEANSF,Asean Smallcap Fund,OTC
ASIAFOOD,CTCP Thực phẩm Á Châu,OTC
ASIAGF,Quỹ đầu tư tăng trưởng ACB,HSX
ASM,Công ty Cổ phần Tập đoàn Sao Mai,HSX
ASP,Công ty Cổ phần Tập đoàn Dầu khí An Pha,HSX
ATA,Công ty Cổ phần NTACO,Upcom
ATG,Công ty Cổ phần An Trường An,HSX
ATS,CTCP Suất ăn công nghiệp Atesco,HNX
ATSC,Công ty Cổ phần Chứng khoán An Thành,OTC
AUM,CTCP Vinacafe Sơn Thành,Upcom
AVF,Công ty Cổ phần Việt An,Upcom
AVG,CTCP Nghe nhìn Toàn cầu,OTC
AVS,Công ty Cổ phần Chứng khoán Âu Việt,HNX
B82,Công ty Cổ phần 482,HNX
BACHDANG,Tổng Công ty Xây dựng Bạch Đằng - CTCP,OTC
BAM,CTCP Khoáng sản và Luyện kim Bắc Á,Upcom
BAS,Công ty Cổ phần Basa,HSX
BASON,Tổng Công ty Ba Son,OTC
BAX,Công ty Cổ phần Thống Nhất,HNX
BBC,Công ty Cổ phần Bibica,HSX
BBS,Công ty cổ phần VICEM Bao bì Bút Sơn,HNX
BBT,Công ty Cổ phần Bông Bạch Tuyết,HSX
BCC,Công ty Cổ phần Xi măng Bỉm Sơn,HNX
BCE,Công ty Cổ phần Xây dựng và Giao thông Bình Dương,HSX
BCG,Công ty cổ phần Bamboo Capital,HSX
BCI,Công ty Cổ phần Đầu tư Xây dựng Bình Chánh,HSX
BCP,Công ty cổ phần Dược Becamex,Upcom
BDB,Công ty Cổ phần Sách và Thiết bị Bình Định,HNX
BDF,Công ty cổ phần Giày Bình Định,Upcom
BDG,CTCP May mặc Bình Dương,Upcom
BDW,Công ty cổ phần Cấp thoát nước Bình Định ,Upcom
BECAMEX,Tổng Công ty Đầu tư và phát triển Công nghiệp - Công ty TNHH MTV,OTC
BED,Công ty Cổ phần Sách và Thiết bị trường học Đà Nẵng,HNX
BEL,CTCP Điện tử Biên Hòa,Upcom
BENTHANH,Tổng Công ty Bến Thành - Công ty TNHH MTV,OTC
BESRA,Công ty TNHH Besra Việt Nam,OTC
BETA,Công ty Cổ phần Chứng khoán BETA,OTC
BFC,Công ty cổ phần Phân bón Bình Điền,HSX
BFI,Công ty cổ phần Đầu tư tài chính BIDV,OTC
BGM,Công ty Cổ phần Khai thác và Chế biến Khoáng sản Bắc Giang,HSX
BHC,Công ty Cổ phần Bê tông Biên Hòa,Upcom
BHN,Tổng CTCP Bia - Rượu - Nước giải khát Hà Nội,HSX
BHP,Công ty Cổ phần Bia Hà Nội - Hải Phòng,Upcom
BHQD,Tổng Công ty cổ phần Bảo hiểm Quân đội,OTC
BHS,Công ty Cổ phần Đường Biên Hoà,HSX
BHT,Công ty Cổ phần Đầu tư Xây dựng Bạch Đằng TMC,HNX
BHV,Công ty Cổ phần Viglacera Bá Hiến,HNX
BIANFISHCO,Công ty cổ phần Thủy sản Bình An,OTC
BIC,Tổng Công ty Cổ phần Bảo hiểm Ngân hàng Đầu tư và phát triển Việt Nam,HSX
BID,Ngân hàng Thương mại cổ phần Đầu tư và Phát triển Việt Nam,HSX
BII,Công ty cổ phần Đầu tư và Phát triển Công nghiệp Bảo Thư,HNX
BIMGROUP,Công ty TNHH Đầu tư Phát triển Sản xuất Hạ Long,OTC
BITEXCO,Công ty TNHH Tập đoàn Bitexco,OTC
BITIS,Công ty TNHH Sản xuất hàng tiêu dùng Bình Tiên,OTC
BKC,Công ty Cổ phần Khoáng sản Bắc Kạn,HNX
BLF,Công ty Cổ phần Thủy sản Bạc Liêu,HNX
BLI,Tổng Công ty cổ phần Bảo hiểm Bảo Long ,Upcom
BLN,CTCP Vận tải và Dịch vụ Liên Ninh,Upcom
BMC,Công ty cổ phần Khoáng sản Bình Định,HSX
BMI,Tổng Công ty Cổ phần Bảo Minh,HSX
BMJ,Công ty Cổ phần Khoáng sản Becamex,Upcom
BMN,Công ty Cổ phần 715,Upcom
BMP,Công ty Cổ phần Nhựa Bình Minh ,HSX
BMSC,Công ty Cổ phần Chứng khoán Bảo Minh,OTC
BNC,Công ty cổ phần Dịch vụ Cáp treo Bà Nà,OTC
BONGSEN,CTCP Bông Sen,OTC
BPC,Công ty cổ phần Vicem Bao bì Bỉm Sơn,HNX
BRC,Công ty Cổ phần Cao su Bến Thành,HSX
BRGGROUP,CTCP Tập đoàn BRG,OTC
BRS,Công ty Cổ phần Dịch vụ đô thị Bà Rịa,Upcom
BSC,Công ty Cổ phần Dịch vụ Bến Thành,HNX
BSG,Công ty Cổ phần Xe khách Sài Gòn,Upcom
BSI,Công ty cổ phần Chứng khoán Ngân hàng Đầu tư và Phát triển Việt Nam,HSX
BSP,CTCP Bia Sài Gòn - Phú Thọ,Upcom
BSQ,Công ty cổ phần Bia Sài Gòn - Quảng Ngãi,Upcom
BSR,Công ty TNHH MTV Lọc - Hóa dầu Bình Sơn,OTC
BST,Công ty Cổ phần Sách - Thiết bị Bình Thuận,HNX
BT1,Công ty cổ phần Bảo vệ Thực vật 1 Trung ương,Upcom
BT6,Công ty Cổ phần Beton 6,Upcom
BTA,CTCP Bất động sản Bình Thiên An,OTC
BTB,Công ty Cổ phần Bia Hà Nội - Thái Bình,Upcom
BTC,Công ty Cổ phần Cơ khí và Xây dựng Bình Triệu,Upcom
BTD,Công ty Cổ phần Bê tông Ly tâm Thủ Đức,Upcom
BTG,Công ty Cổ phần Bao bì Tiền Giang,Upcom
BTH,Công ty Cổ phần Chế tạo Biến thế và Vật liệu điện Hà Nội,HNX
BTJ,CTCP Vàng bạc đá quý Bến Thành,OTC
BTL,Công ty Cổ phần Đầu tư Địa ốc Bến Thành,OTC
BTP,Công ty Cổ phần Nhiệt điện Bà Rịa,HSX
BTR,CTCP Đường sắt Bình Trị Thiên,Upcom
BTRS,CTCP Đầu Tư Xây Dựng Kinh Doanh Nhà Bến Thành,OTC
BTS,Công ty cổ phần Xi măng Vicem Bút Sơn,HNX
BTT,Công ty Cổ phần Thương mại - Dịch vụ Bến Thành,HSX
BTU,CTCP Công trình Đô thị Bến Tre,Upcom
BTV,Công ty Cổ phần Dịch vụ Du lịch Bến Thành,Upcom
BTW,Công ty Cổ phần Cấp nước Bến Thành,Upcom
BVF,Công ty TNHH Quản lý Quỹ Bảo Việt,OTC
BVG,Công ty Cổ phần Đầu tư BVG,Upcom
BVH,Tập đoàn Bảo Việt,HSX
BVIM,Công ty Liên doanh Quản lý quỹ đầu tư BIDV-Việt Nam Partners,OTC
BVIMVIF,Quỹ đầu tư Việt Nam,OTC
BVINSURANCE,Tổng Công ty Bảo hiểm Bảo Việt,OTC
BVLIFE,Tổng Công ty Bảo Việt Nhân thọ,OTC
BVN,Công ty cổ phần Bông Việt Nam,Upcom
BVS,Công ty Cổ phần Chứng khoán Bảo Việt,HNX
BWA,Công ty Cổ phần Cấp thoát nước và Xây dựng Bảo Lộc,Upcom
BWACO,Công ty cổ phần Cấp nước Bà Rịa - Vũng Tàu,OTC
BXD,Công ty Cổ phần Vận tải và Quản lý Bến xe Đà Nẵng,Upcom
BXH,Công ty cổ phần VICEM Bao bì Hải Phòng,HNX
C12,Công ty Cổ phần Cầu 12 - Cienco 1,Upcom
C21,Công ty cổ phần Thế kỷ 21,Upcom
C32,Công ty Cổ phần Đầu tư Xây dựng 3-2,HSX
C47,Công ty Cổ phần Xây dựng 47,HSX
C69,CTCP Xây dựng 1369,OTC
C71,Công ty Cổ phần 471,Upcom
C92,Công ty Cổ phần Xây dựng và Đầu tư 492,HNX
CAD,Công ty Cổ phần Chế biến và Xuất nhập khẩu Thủy sản CADOVIMEX,Upcom
CADISUN,CTCP Dây và cáp điện Thượng Đình,OTC
CALOFIC,Công ty TNHH Dầu thực vật Cái Lân,OTC
CAN,Công ty Cổ phần Đồ hộp Hạ Long,HNX
CANON,Công ty TNHH Canon Việt Nam,OTC
CANTHOPORT,Công ty TNHH MTV Cảng Cần Thơ,OTC
CAP,Công ty Cổ phần Lâm Nông sản Thực phẩm Yên Bái,HNX
CARGILL,Công ty TNHH Cargill Việt Nam,OTC
CASC,Công ty Cổ phần Chứng khoán Thủ Đô,OTC
CASEAMIEX,CTCP Xuất nhập khẩu thuỷ sản Cần Thơ,OTC
CASES,CTCP Chế biến và dịch vụ Thủy sản Cà Mau,OTC
CASUCO,CTCP Mía Đường Cần Thơ,OTC
CAV,Công ty cổ phần Dây Cáp Điện Việt Nam,HSX
CC1,Tổng Công ty Xây dựng số 1 - TNHH MTV,OTC
CCI,Công ty Cổ phần Đầu tư Phát triển Công nghiệp - Thương mại Củ Chi,HSX
CCL,Công ty cổ phần Đầu tư và Phát triển Đô thị Dầu khí Cửu Long,HSX
CCM,Công ty Cổ phần Khoáng sản & Xi măng Cần Thơ,HNX
CCP,Công ty cổ phần Cảng Cửa Cấm Hải Phòng,OTC
CCR,Công ty cổ phần Cảng Cam Ranh ,Upcom
CCV,Công ty cổ phần Tư vấn Xây dựng Công nghiệp và Đô thị Việt Nam,Upcom
CDC,Công ty Cổ phần Chương Dương ,HSX
CDG,Công ty Cổ phần Cầu Đuống,Upcom
CDH,CTCP Công trình công cộng Dịch vụ Du lịch Hải Phòng,Upcom
CDN,Công ty cổ phần Cảng Đà Nẵng,HNX
CDO,Công ty Cổ phần Tư vấn thiết kế và Phát triển đô thị,HSX
CEC,Công ty Cổ phần Thiết kế Công nghiệp Hóa chất,Upcom
CEO,Công ty Cổ phần Tập đoàn C.E.O,HNX
CET,Công ty cổ phần Tech-Vina,OTC
CFC,Công ty Cổ phần Cafico Việt Nam,Upcom
CGP,Công ty cổ phần Dược phẩm Cần Giờ,Upcom
CHC,Công ty Cổ phần Cẩm Hà,Upcom
CHP,Công ty Cổ phần Thủy điện miền Trung,HSX
CHS,Công ty Cổ phần Chiếu sáng Công cộng Thành phố Hồ Chí Minh,Upcom
CI5,Công ty cổ phần Đầu tư Xây dựng số 5,Upcom
CIC,Công ty Cổ phần Đầu tư và Xây dựng COTEC,HNX
CICT,Công ty TNHH Cảng Container Quốc tế Cái Lân,OTC
CID,Công ty Cổ phần Xây dựng và Phát triển Cơ sở Hạ tầng,Upcom
CIENCO1,Tổng Công ty Xây dựng Công trình Giao thông 1 - CTCP,OTC
CIENCO4,Tổng Công ty Xây dựng Công trình Giao thông 4 - CTCP,OTC
CIENCO5,Tổng Công ty Xây dựng Công trình Giao thông 5 - CTCP,OTC
CIENCO6,Tổng Công ty Xây dựng Công trình Giao thông 6 - CTCP,OTC
CIENCO8,Tổng Công ty Xây dựng Công trình Giao thông 8 - CTCP,OTC
CIG,Công ty Cổ phần COMA18,HSX
CII,Công ty cổ phần Đầu tư Hạ tầng Kỹ thuật T.P Hồ Chí Minh,HSX
CII41401,Trái phiếu chuyển đổi Công ty cổ phần Đầu tư Hạ tầng Kỹ thuật Thành phố Hồ Chí Minh,HSX
CIPM,Tổng Công ty Đầu tư Phát triển và Quản lý Dự án hạ tầng giao thông Cửu Long,OTC
CIPUTRAHN,Công ty TNHH Phát Triển Khu đô thị Nam Thăng Long,OTC
CJC,Công ty Cổ phần Cơ điện Miền Trung,HNX
CK8,Công ty Cổ phần Cơ khí 120,Upcom
CKD,Công ty cổ phần Cơ khí Đông Anh Licogi,Upcom
CKG,CTCP Tập đoàn Tư vấn Đầu tư & Xây dựng Kiên Giang,OTC
CKH,Công ty Cổ phần Cơ khí chế tạo Hải Phòng,Upcom
CKV,Công ty Cổ phần COKYVINA,HNX
CLC,Công ty Cổ phần Cát Lợi ,HSX
CLG,Công ty Cổ phần Đầu tư và Phát triển Nhà đất COTEC,HSX
CLH,Công ty cổ phần Xi măng La Hiên VVMI,HNX
CLL,Công ty cổ phần Cảng Cát Lái,HSX
CLM,CTCP Xuất nhập khẩu Than - Vinacomin,HNX
CLP,Công ty Cổ phần Thủy Sản Cửu Long,HSX
CLPI,CTCP Đầu tư Cảng Cái Lân,OTC
CLS,Công ty Cổ phần Chứng Khoán Chợ Lớn ,Upcom
CLW,Công ty Cổ phần Cấp nước Chợ Lớn,HSX
CLX,Công ty Cổ phần Xuất nhập khẩu và Đầu tư Chợ Lớn,Upcom
CMC,Công ty Cổ phần Đầu tư CMC,HNX
CMF,Công ty Cổ phần Thực phẩm Cholimex,Upcom
CMG,Công ty Cổ phần Tập đoàn Công nghệ CMC,HSX
CMI,Công ty cổ phần CMISTONE Việt Nam,HNX
CMIT,Công ty TNHH Cảng Quốc tế Cái Mép,OTC
CMK,Công ty cổ phần Cơ khí Mạo khê - Vinacomin,Upcom
CMP,CTCP Cảng Chân Mây,Upcom
CMS,Công ty cổ phần Xây dựng và Nhân lực Việt Nam,HNX
CMT,Công ty Cổ phần Công nghệ Mạng và Truyền thông,HSX
CMV,Công ty Cổ phần Thương nghiệp Cà Mau,HSX
CMX,Công ty Cổ phần Chế biến và Xuất nhập khẩu Thuỷ sản Cà Mau,HSX
CNC,Công ty cổ phần Công nghệ cao Traphaco,Upcom
CNG,Công ty cổ phần CNG Việt Nam,HSX
CNH,Công ty Cổ phần Cảng Nha Trang,Upcom
CNN,"CTCP Tư vấn công nghệ, thiết bị và kiểm định xây dựng - CONINCO",Upcom
CNS,Tổng Công ty Công nghiệp Sài Gòn - TNHH Một thành viên,OTC
CNT,Công ty Cổ phần Xây dựng và Kinh doanh Vật tư ,Upcom
COCACOLA,Công ty TNHH Coca Cola Việt Nam,OTC
CODUPHA,Công ty TNHH MTV Dược phẩm Trung ương 2 - CODUPHA,OTC
COM,Công ty Cổ phần Vật tư - Xăng dầu ,HSX
COMA,Tổng Công ty Cơ khí Xây dựng,OTC
CPC,Công ty Cổ phần Thuốc sát trùng Cần Thơ,HNX
CPC1,Công ty cổ phần dược phẩm Trung ương CPC1,OTC
CPH,Công ty Cổ phần Mai táng Hải Phòng,Upcom
CPVN,CTCP Chăn nuôi C.P Việt Nam,OTC
CQT,Công ty cổ phần Xi măng Quán Triều VVMI,Upcom
CSC,Công ty Cổ phần Đầu tư và Xây dựng Thành Nam,HNX
CSG,Công ty Cổ phần Cáp Sài Gòn,HSX
CSM,Công ty Cổ phần Công nghiệp Cao su Miền Nam,HSX
CSV,Công ty Cổ phần Hóa chất Cơ bản miền Nam,HSX
CT3,Công ty Cổ phần Đầu tư và Xây dựng Công trình 3,Upcom
CT6,Công ty Cổ phần Công trình 6,HNX
CTA,Công ty Cổ phần Vinavico,HNX
CTB,Công ty Cổ phần Chế tạo Bơm Hải Dương,HNX
CTC,Công ty cổ phần Gia Lai CTC,HNX
CTD,Công ty Cổ phần Xây dựng Coteccons,HSX
CTF,Công ty cổ phần City Auto,HSX
CTG,Ngân hàng Thương mại Cổ phần Công thương Việt Nam,HSX
CTGROUP,CTCP Tập đoàn C.T,OTC
CTI,Công ty Cổ phần Đầu tư Phát triển Cường Thuận IDICO,HSX
CTIN,CTCP Viễn Thông Tin Học Bưu Điện,OTC
CTM,Công ty Cổ phần Đầu tư Xây dựng và Khai thác mỏ Vinavico,HNX
CTN,Công ty Cổ phần Xây dựng Công trình ngầm,Upcom
CTNQN,Công ty cổ phần Cấp thoát nước Quảng Nam,OTC
CTP,Công ty Cổ phần Thương Phú,HNX
CTR,Công ty cổ phần Công trình Viettel,OTC
CTS,Công ty cổ phần Chứng khoán Ngân hàng Công thương Việt Nam,HNX
CTT,CTCP Chế tạo máy Vinacomin,HNX
CTV,Công ty cổ phần Đầu tư-Sản xuất và Thương mại Việt Nam,HNX
CTW,CTCP Cấp thoát nước Cần Thơ,Upcom
CTX,Tổng Công ty Cổ phần Đầu tư Xây dựng và Thương mại Việt Nam,HNX
CVC,Công ty Cổ Phần Cơ điện Vật tư,Upcom
CVN,Công ty cổ phần Vinam,HNX
CVT,Công ty Cổ phần CMC,HNX
CX8,Công ty cổ phần Đầu tư và Xây lắp Constrexim số 8,HNX
CXH,CTCP Xe khách Hà Nội,Upcom
CYC,Công ty Cổ phần Gạch men Chang Yih ,HSX
CZC,Công ty cổ phần Than miền Trung - Vinacomin,Upcom
D11,Công ty Cổ phần Địa ốc 11,HNX
D26,Công ty Cổ phần Quản lý và Xây dựng Đường bộ 26,Upcom
D2D,Công ty Cổ phần Phát triển Đô thị Công nghiệp Số 2,HSX
DAC,Công ty Cổ phần Viglacera Đông Anh,Upcom
DACF,Công ty TNHH Quản lý quỹ đầu tư chứng khoán Đông Á,OTC
DAD,Công ty Cổ phần Đầu tư và Phát triển Giáo dục Đà Nẵng,HNX
DAE,Công ty Cổ phần Sách Giáo dục tại Tp. Đà Nẵng,HNX
DAF,Ngân hàng Thương mại cổ phần Đông Á,OTC
DAG,Công ty Cổ phần Tập đoàn Nhựa Đông Á,HSX
DAGARCO,CTCP May Đáp Cầu,OTC
DAH,Công ty cổ phần Tập đoàn Khách sạn Đông Á,HSX
DAINAM,CTCP Đại Nam,OTC
DALATMILK,CTCP Sữa Đà Lạt,OTC
DAP,Công ty Cổ phần Đông Á,Upcom
DAS,Công ty Cổ phần Máy - Thiết bị Dầu khí Đà Nẵng,Upcom
DASC,Công ty TNHH MTV Chứng khoán Ngân hàng Đông Á,OTC
DAT,Công ty Cổ phần Đầu tư Du lịch và Phát triển Thủy sản,HSX
DBC,Công ty Cổ phần Tập đoàn Dabaco Việt Nam,HNX
DBD,Công ty Cổ phần Dược - Trang thiết bị Y tế Bình Định,Upcom
DBF,Công ty Cổ phần Lương thực Đông Bắc,OTC
DBH,CTCP Đường bộ Hải Phòng,Upcom
DBM,Công ty Cổ phần Dược - Vật tư Y tế Đăk Lăk,Upcom
DBT,Công ty Cổ phần Dược phẩm Bến Tre,HNX
DBW,Công ty Cổ phần Cấp nước Điện Biên,Upcom
DC1,CTCP Đầu tư Phát triển Xây dựng số 1,Upcom
DC2,Công ty Cổ phần Đầu tư Phát triển - Xây dựng số 2,HNX
DC4,Công ty Cổ phần DIC số 4,HNX
DCC,Công ty Cổ phần Xây dựng Công nghiệp DESCON,HSX
DCD,CTCP Du lịch và Thương mại DIC ,Upcom
DCF,Công ty Cổ phần Xây dựng và Thiết kế số 1,Upcom
DCI,Công ty Cổ phần Công nghiệp Hóa chất Đà Nẵng,Upcom
DCL,Công ty Cổ phần Dược phẩm Cửu Long,HSX
DCM,Công ty Cổ phần Phân bón Dầu khí Cà Mau,HSX
DCS,Công ty Cổ phần Tập đoàn Đại Châu,HNX
DCT,Công ty Cổ phần Tấm lợp Vật liệu xây dựng Đồng Nai ,Upcom
DCVEIL,Dragon Capital Vietnam Enterprise Investment Ltd,OTC
DCVGF,Dragon Capital Vietnam Growth Fund Ltd,OTC
DDH,CTCP Đảm bảo giao thông đường thủy Hải Phòng,Upcom
DDM,Công ty Cổ phần Hàng hải Đông Đô,Upcom
DDN,Công ty Cổ phần Dược - Thiết bị Y tế Đà Nẵng,Upcom
DDS,Công ty Cổ phần Chứng khoán Đông Dương,OTC
DDV,Công ty cổ phần DAP - VINACHEM,Upcom
DELOITTE,Công ty TNHH Deloitte Việt Nam,OTC
DFC,Công ty Cổ phần Xích líp Đông Anh,Upcom
DGC,Công ty Cổ phần Bột giặt và Hoá chất Đức Giang,HNX
DGL,CTCP Hóa chất Đức Giang – Lào Cai ,HNX
DGT,Công ty cổ phần Công trình Giao thông Đồng Nai,Upcom
DGW,Công ty cổ phần Thế giới số,HSX
DHA,Công ty Cổ phần Hóa An,HSX
DHC,Công ty Cổ phần Đông Hải Bến Tre,HSX
DHD,Công ty cổ phần Dược Vật tư Y tế Hải Dương,OTC
DHG,Công ty Cổ phần Dược Hậu Giang,HSX
DHI,Công ty cổ phần In Diên Hồng,HNX
DHL,Công ty cổ phần Cơ khí Vận tải Thương mại Đại Hưng,HNX
DHM,Công ty cổ phần Thương mại và Khai thác Khoáng sản Dương Hiếu,HSX
DHP,Công ty Cổ phần Điện Cơ Hải Phòng,HNX
DHT,Công ty Cổ phần Dược phẩm Hà Tây,HNX
DIANA,CTCP Diana Unicharm,OTC
DIC,Công ty Cổ phần Đầu tư và Thương mại DIC,HSX
DID,Công ty Cổ phần DIC - Đồng Tiến,HNX
DIENGIALAI,Công ty cổ phần Điện Gia Lai,OTC
DIENMAYCHOLON,Công ty TNHH Cao Phong,OTC
DIENMAYHC,Công ty TNHH thương mại VHC,OTC
DIG,Tổng Công ty Cổ phần Đầu tư Phát triển Xây dựng,HSX
DIH,Công ty Cổ phần Đầu tư Phát triển Xây dựng - Hội An,HNX
DL1,Công ty Cổ phần Đầu tư Phát triển Dịch vụ Công trình Công cộng Đức Long Gia Lai,HNX
DLC,Công ty cổ phần Du lịch Cần Thơ,Upcom
DLD,Công ty Cổ phần Du lịch Đắk Lắk ,Upcom
DLG,Công ty Cổ phần Tập đoàn Đức Long Gia Lai,HSX
DLR,Công ty Cổ phần Địa ốc Đà Lạt,HNX
DLT,CTCP Du lịch và Thương mại – Vinacomin,Upcom
DLV,Công ty Cổ phần Du lịch Việt Nam Vitours,Upcom
DMC,Công ty Cổ phần Xuất nhập khẩu Y tế Domesco,HSX
DNC,Công ty Cổ phần Điện nước Lắp máy Hải Phòng,HNX
DND,CTCP Đầu tư Xây dựng và Vật liệu Đồng Nai,Upcom
DNF,Công ty Cổ phần Lương thực Đà Nẵng,Upcom
DNL,Công ty cổ phần Logistic Cảng Đà Nẵng,Upcom
DNM,Tổng Công ty cổ phần Y tế Danameco,HNX
DNP,Công ty Cổ phần Nhựa Đồng Nai,HNX
DNR,CTCP Đường sắt Quảng Nam - Đà Nẵng,Upcom
DNS,Công ty Cổ phần Thép Đà Nẵng,Upcom
DNSC,Công ty Cổ phần Chứng khoán Đà Nẵng,OTC
DNSE,Công ty Cổ phần Chứng khoán Đại Nam,OTC
DNT,Công ty Cổ phần Du lịch Đồng Nai,Upcom
DNV,CTCP Thương mại Dịch vụ VDA Đà Nẵng,OTC
DNW,Công ty cổ phần Cấp nước Đồng Nai,Upcom
DNY,Công ty Cổ phần Thép Dana - Ý,HNX
DOC,Công ty cổ phần Vật tư nông nghiệp Đồng Nai,Upcom
DOFICO,Tổng Công ty Công nghiệp Thực phẩm Đồng Nai,OTC
DOJI,CTCP Tập đoàn Vàng bạc đá quý Doji,OTC
DONA,Công ty cổ phần Thực phẩm và nước giải khát Dona Newtower,OTC
DONAGAMEX,CTCP Tổng Cty May Đồng Nai,OTC
DOP,CTCP Vận tải Xăng dầu Đồng Tháp ,Upcom
DP3,Công ty Cổ phần Dược phẩm Trung ương 3,HNX
DPC,Công ty Cổ phần Nhựa Đà Nẵng,HNX
DPG,Công ty Cổ phần Đạt Phương,Upcom
DPH,Công ty Cổ phần Dược phẩm Hải Phòng,Upcom
DPM,Tổng Công ty Phân bón và Hóa chất Dầu khí-CTCP,HSX
DPP,Công ty Cổ phần Dược Đồng Nai,Upcom
DPR,Công ty Cổ phần Cao su Đồng Phú,HSX
DPS,Công ty cổ phần Đầu tư Phát triển Sóc Sơn ,HNX
DQC,Công ty Cổ phần Bóng đèn Điện Quang ,HSX
DQMX,CTCP Đầu tư Địa ốc Đại Quang Minh,OTC
DRAGON,Dragon Capital,OTC
DRC,Công ty Cổ phần Cao su Đà Nẵng,HSX
DRH,Công ty cổ phần Đầu tư Căn nhà Mơ ước,HSX
DRL,Công ty Cổ phần Thủy điện – Điện lực 3,HSX
DSN,Công ty Cổ phần Công viên nước Đầm Sen,HSX
DST,Công ty Cổ phần Sách và Thiết bị giáo dục Nam Định,HNX
DSV,Công ty Cổ phần Đường sắt Vĩnh Phú,Upcom
DT4,CTCP Quản lý bảo trì đường thủy nội địa số 4,Upcom
DTA,Công ty Cổ phần Đệ Tam,HSX
DTC,Công ty Cổ phần Viglacera Đông Triều,Upcom
DTG,Công ty Cổ phần Dược phẩm Tipharco,Upcom
DTGG,Công ty Cổ phần Đồng Tâm,OTC
DTH,Công ty Cổ phần Dược - Vật tư Y tế Thanh Hóa,OTC
DTK,Tổng công ty Điện lực TKV - CTCP ,Upcom
DTL,Công ty Cổ phần Đại Thiên Lộc,HSX
DTN,Công ty Cổ phần Diêm Thống Nhất,Upcom
DTS,CTCP Dịch Vụ Du Lịch Đà Lạt ,OTC
DTT,Công ty Cổ phần Kỹ nghệ Đô Thành,HSX
DTV,Công ty Cổ phần Phát triển điện Nông thôn Trà Vinh,Upcom
DUGARCO,Tổng Cty Đức Giang - CTCP,OTC
DUYTANPLASTIC,CTCP Sản xuất Nhựa Duy Tân,OTC
DVC,Công ty cổ phần Thương mại Dịch vụ Tổng hợp Cảng Hải Phòng,Upcom
DVD,Công ty Cổ phần Dược phẩm Viễn Đông,HSX
DVH,Công ty cổ phần Chế tạo máy điện Việt Nam - Hungari,Upcom
DVIZ,CTCP Khu công nghiệp Đình Vũ,OTC
DVP,Công ty cổ phần Đầu tư và Phát triển Cảng Đình Vũ,HSX
DVS,Công ty Cổ phần Thép Đình Vũ,OTC
DVSC,Công ty Cổ phần Chứng khoán Đại Việt,OTC
DWSVF,DWS Vietnam Fund,OTC
DXG,Công ty Cổ phần Dịch vụ và Xây dựng Địa ốc Đất Xanh,HSX
DXL,Công ty Cổ phần Du lịch và Xuất nhập khẩu Lạng Sơn,Upcom
DXP,Công ty cổ phần Cảng Đoạn Xá,HNX
DXV,Công ty Cổ phần VICEM Vật liệu Xây dựng Đà Nẵng,HSX
DZM,Công ty Cổ phần Chế tạo máy Dzĩ An,HNX
E1SSHN30,Chứng chỉ quỹ ETF SSIAM-HNX30,HNX
E1VFVN30,Quỹ ETF VFMVN30,HSX
EAD,CTCP Thủy điện Điện lực Đắk Lắk,Upcom
EBS,Công ty Cổ phần Sách Giáo dục tại Tp.Hà Nội,HNX
ECC,Công ty Cổ phần Chứng khoán EUROCAPITAL,OTC
ECI,Công ty Cổ phần Bản đồ và Tranh ảnh Giáo dục,HNX
EFI,Công ty Cổ phần Đầu tư Tài chính Giáo dục,HNX
EIB,Ngân hàng Thương mại Cổ phần Xuất nhập khẩu Việt Nam,HSX
EIC,Công ty cổ phần EVN Quốc tế,Upcom
EID,Công ty Cổ phần Đầu tư và Phát triển giáo dục Hà Nội,HNX
EIFMC,Công ty quản lý quỹ Eastspring Investments,OTC
ELC,Công ty Cổ phần Đầu tư Phát triển Công nghệ Điện tử Viễn thông,HSX
EMC,Công ty cổ phần Cơ điện Thủ Đức,HSX
EMG,Công ty Cổ phần Thiết bị Phụ tùng Cơ điện,Upcom
EMICO,Tổng Cty Phát triển Phát thanh Truyền hình Thông tin ,OTC
EPS,Công ty Cổ Phần Chứng khoán Gia Quyền,OTC
EVE,Công ty cổ phần Everpia Việt Nam,HSX
EVN,Tập đoàn Điện lực Việt Nam - Công ty TNHH MTV,OTC
EVNCPC,Tổng Công ty Điện lực miền Trung,OTC
EVNHANOI,Tổng Công ty Điện lực Thành phố Hà Nội,OTC
EVNHCMC,Tổng Công ty Điện lực Thành phố Hồ Chí Minh,OTC
EVNNPC,Tổng Công ty Điện lực miền Bắc,OTC
EVNNPT,Tổng Công ty Truyền tải điện Quốc gia,OTC
EVNSPC,Tổng Công ty Điện lực miền Nam,OTC
EWH,CTCP EuroWindow Holding,OTC
EXIMLAND,Công ty cổ phần Bất động sản E Xim,OTC
FAHASA,CTCP Phát hành sách TP. HCM,OTC
FBA,Công ty Cổ phần Tập đoàn Quốc tế FBA,Upcom
FBT,Công ty Cổ phần Xuất nhập khẩu Lâm Thủy sản Bến Tre,HSX
FCC,CTCP Liên hợp Thực phẩm,Upcom
FCM,Công ty cổ phần Khoáng sản FECON,HSX
FCN,Công ty cổ phần FECON,HSX
FCS,Công ty Cổ phần Lương thực Thành phố Hồ Chí Minh,Upcom
FDC,Công ty Cổ phần Ngoại thương và Phát triển Đầu tư Thành phố Hồ Chí Minh,HSX
FDG,Công ty Cổ phần Docimexco,Upcom
FDT,Công ty cổ phần Fiditour,HNX
FICO,Tổng công ty Vật Liệu Xây Dựng Số 1 - CTCP,OTC
FID,Công ty Cổ phần Đầu tư và Phát triển Doanh nghiệp Việt Nam,HNX
FIS,Công ty Cổ phần Hệ thống Thông tin FPT,OTC
FIT,Công ty cổ phần Tập đoàn F.I.T,HSX
FIVIMART,CTCP Nhất Nam,OTC
FLC,Công ty cổ phần Tập đoàn FLC,HSX
FLCS,'',OTC
FMC,Công ty Cổ phần Thực phẩm Sao Ta ,HSX
FOC,CTCP Dịch vụ Trực tuyến FPT,OTC
FORDVN,Cty TNHH Ford Việt Nam,OTC
FORMOSA,Công ty TNHH Hưng Nghiệp Formosa,OTC
FOX,Công ty Cổ phần Viễn thông FPT,Upcom
FPC,Công ty Cổ phần Full Power ,HSX
FPT,Công ty Cổ phần FPT ,HSX
FPTCAPITAL,Công ty Cổ phần Quản lý quỹ đầu tư FPT,OTC
FPTEDU,Công ty TNHH Giáo dục FPT,OTC
FPTIS,Cty TNHH Hệ thống Thông tin FPT,OTC
FPTSHOP,CTCP Bán lẻ Kỹ thuật số FPT,OTC
FPTTRADING,Công ty TNHH Thương mại FPT,OTC
FRC,Công ty cổ phần Lâm đặc sản Xuất khẩu Quảng Nam,OTC
FSC,Công ty Cổ phần Chứng khoán Đệ Nhất,OTC
FSO,Công ty Cổ phần Cơ khí đóng tàu thủy sản Việt Nam,Upcom
FSOFT,Công ty TNHH Phần mềm FPT,OTC
FTG,Công ty cổ phần Thương mại FPT,OTC
FTM,Công ty Cổ phần Đầu tư và Phát triển Đức Quân,HSX
FTS,Công ty Cổ phần Chứng khoán FPT,HSX
FTSEETF,FTSE Vietnam ETF,OTC
FUCTVGF1,Quỹ Đầu tư tăng trưởng TVAM,HSX
FUCVREIT,Quỹ Đầu tư Bất động sản Techcom Việt Nam,HSX
FUTA,CTCP Đầu tư Phương Trang,OTC
G20,Công ty cổ phần Đầu tư Dệt may G.Home,HNX
G36,Tổng Công ty 36 - CTCP,Upcom
GAET,Tổng Công ty Kinh tế kỹ thuật Công nghiệp quốc phòng,OTC
GALAXYSTUDIO,CTCP Phim Thiên Ngân,OTC
GAMI,CTCP Tập đoàn Gami,OTC
GARCO10,Tổng Công ty May 10 - CTCP,OTC
GAS,Tổng Công ty Khí Việt Nam-CTCP,HSX
GBS,Công ty Cổ phần Chứng khoán Golden Bridge Việt Nam,HNX
GCB,Công ty Cổ Phần Petec Bình Định,Upcom
GCC,CTCP Văn hóa Tổng hợp Bến Thành,OTC
GDT,Công ty Cổ phần Chế biến Gỗ Đức Thành,HSX
GDW,Công ty Cổ phần Cấp nước Gia Định,Upcom
GELEXIMCO,CTCP Xuất nhập khẩu Tổng hợp Hà Nội,OTC
GENCO1,Tổng Công ty Phát điện 1,OTC
GENCO2,Tổng Công ty Phát điện 2-Công ty TNHH MTV,OTC
GENCO3,Tổng Công ty Phát điện 3,OTC
GENTRACO,CTCP Gentraco,OTC
GER,Công ty Cổ phần Thể thao Ngôi sao Geru,Upcom
GEX,Tổng Công ty cổ phần Thiết bị điện Việt Nam,Upcom
GFC,Công ty Cổ phần Thủy sản Gentraco,HNX
GGG,Công ty cổ phần Ô tô Giải Phóng ,Upcom
GGS,Công ty Cổ phần Giống Gia súc Hà Nội,Upcom
GHA,Công ty Cổ phần HAPACO Hải Âu,HNX
GHC,Công ty Cổ phần Thủy điện Gia Lai,Upcom
GHNB,Công ty Dầu ăn Golden Hope Nhà Bè,OTC
GICSINGAPORE,GIC/Government of Singapore,OTC
GIL,Công ty Cổ phần Sản xuất Kinh doanh Xuất nhập khẩu Bình Thạnh,HSX
GKM,CTCP Gạch Khang Minh,OTC
GLS,Công ty Cổ phần Chứng khoán Sen Vàng,OTC
GLT,Công ty cổ phần Kỹ thuật điện Toàn Cầu,HNX
GMC,Công ty Cổ phần Sản xuất Thương mại May Sài Gòn,HSX
GMD,Công ty Cổ phần Gemadept,HSX
GMS,CTCP Thiết kế và gia công phần mền GMS888,OTC
GMVN,Công ty TNHH Ô tô GM Việt Nam,OTC
GMX,Công ty cổ phần Gạch Ngói Gốm Xây dựng Mỹ Xuân,HNX
GND,Công ty Cổ phần Gạch ngói Đồng Nai,Upcom
GOLDENGATE,CTCP Thương mại Dịch vụ Cổng Vàng,OTC
GOLFLONGTHANH,CTCP Đầu tư và Kinh doanh golf Long Thành,OTC
GPAC,Công ty Cổ phần Quản lý Quỹ Đối tác Toàn Cầu,OTC
GPFUND,Công ty Cổ phần Quản lý quỹ Dầu khí Toàn Cầu,OTC
GREENFEED,CTCP GreenFeed Việt Nam,OTC
GSC,Công ty cổ phần Thủy điện Geruco Sông Côn,OTC
GSM,Công ty cổ phần Thủy điện Hương Sơn,Upcom
GSP,Công ty cổ phần Vận tải Sản phẩm khí quốc tế,HSX
GTA,Công ty Cổ phần Chế biến Gỗ Thuận An,HSX
GTC,Công ty Cổ phần Trà Rồng Vàng,Upcom
GTD,Công ty Cổ phần Giầy Thượng Đình,Upcom
GTEL,Tổng Công ty Viễn thông Toàn cầu,OTC
GTH,Công ty Cổ phần Xây dựng Giao thông Thừa Thiên Huế,Upcom
GTN,Công ty cổ phần GTNFOODS,HSX
GTS,CTCP Công trình Giao thông Sài Gòn,Upcom
GTT,Công ty Cổ phần Thuận Thảo,Upcom
GVT,Công ty Cổ phần Giấy Việt Trì,Upcom
H11,CTCP Xây dựng HUD101,Upcom
HAC,Công ty Cổ phần Chứng khoán Hải Phòng,Upcom
HAD,Công ty Cổ phần Bia Hà Nội - Hải Dương,HNX
HAG,Công ty Cổ phần Hoàng Anh Gia Lai,HSX
HAGLLAND,CTCP Xây dựng và Phát triển Nhà Hoàng Anh,OTC
HAGLSUGAR,CTCP Mía đường Hoàng Anh Gia Lai,OTC
HAH,Công ty Cổ phần Vận tải và Xếp dỡ Hải An,HSX
HAI,Công ty Cổ phần Nông dược H.A.I,HSX
HAIAUA,CTCP Hàng không Hải Âu,OTC
HAL,Công ty Cổ phần Cồn rượu Hà Nội,OTC
HALIDA,Công ty Liên doanh nhà máy bia Đông Nam Á,OTC
HALLEY,Halley Sicav - Halley Asian Prosperity,OTC
HALOTEXCO,CTCP Dệt may Hoàng Thị Loan,OTC
HAN,Tổng công ty Xây dựng Hà Nội - CTCP,Upcom
HANAKA,CTCP Tập đoàn HANAKA,OTC
HANDICO,Tổng Công ty Đầu tư và phát triển Nhà Hà Nội,OTC
HANEL,Công ty TNHH MTV Hanel,OTC
HANEXIM,CTCP Xuất nhập khẩu Hà Anh,OTC
HANICHEMCO,Công ty TNHH MTV Phân đạm và Hóa chất Hà Bắc,OTC
HANOITELECOM,CTCP Viễn thông Hà Nội,OTC
HANOITOURIST,TỔNG CÔNG TY DU LỊCH HÀ NỘI - CÔNG TY TNHH,OTC
HANVICO,Công ty TNHH Hàn Việt,OTC
HAP,Công ty Cổ phần Tập đoàn Hapaco,HSX
HAPF,Công ty Cổ phần Quản lý quỹ Thái Bình Dương,OTC
HAPRO,Tổng Công ty Thương mại Hà Nội,OTC
HAR,Công ty Cổ phần Đầu tư Thương mại Bất động sản An Dương Thảo Điền,HSX
HAS,Công ty Cổ phần HACISCO,HSX
HAT,Công ty Cổ phần Thương mại Bia Hà Nội,HNX
HAVANA,Công ty cổ phần Hải Vân Nam,OTC
HAX,Công ty Cổ phần Dịch vụ Ô tô Hàng Xanh,HSX
HBB,Ngân hàng Thương mại Cổ phần Nhà Hà Nội,HNX
HBC,Công ty cổ phần Xây dựng và Kinh doanh Địa ốc Hoà Bình,HSX
HBD,Công ty Cổ phần Bao bì PP Bình Dương,Upcom
HBE,Công ty Cổ phần Sách - Thiết bị trường học Hà Tĩnh,HNX
HBI,Công ty Cổ phần HBI ,Upcom
HBS,Công ty Cổ phần Chứng khoán Hòa Bình,HNX
HBSC,Công ty Cổ phần Chứng khoán Hưng Thịnh,OTC
HCB,Công ty cổ phần Dệt may 29/3,OTC
HCC,Công ty Cổ phần Bê tông Hoà Cầm - Intimex,HNX
HCD,Công ty Cổ phần Đầu tư Sản xuất và Thương mại HCD,HSX
HCFVN,Công ty TNHH MTV Tài chính Home Credit Việt Nam,OTC
HCI,Công ty Cổ phần Đầu tư - Xây dựng Hà Nội,Upcom
HCM,Công ty Cổ phần Chứng khoán Thành phố Hồ Chí Minh,HSX
HCT,Công ty Cổ phần Thương mại Dịch vụ Vận tải Xi măng Hải Phòng,HNX
HD2,CTCP Đầu tư Phát triển nhà HUD2,Upcom
HDA,Công ty Cổ phần Hãng sơn Đông Á,HNX
HDC,Công ty Cổ phần Phát triển nhà Bà Rịa-Vũng Tàu,HSX
HDG,Công ty Cổ phần Tập đoàn Hà Đô,HSX
HDM,Công ty Cổ phần Dệt - May Huế,Upcom
HDO,Công ty Cổ phần Hưng Đạo Container,HNX
HDP,Công ty Cổ phần Dược Hà Tĩnh,Upcom
HEC,Công ty Cổ phần Tư vấn Xây dựng Thủy lợi II,Upcom
HEM,Công ty cổ phần Chế tạo Điện Cơ Hà Nội,Upcom
HES,Công ty Cổ phần Dịch vụ Giải trí Hà Nội,Upcom
HEV,Công ty Cổ phần Sách Đại học - Dạy nghề,HNX
HFB,Công ty TNHH MTV Công trình Cầu phà TP.HCM ,OTC
HFC,Công ty Cổ phần Xăng dầu Chất đốt Hà Nội,Upcom
HFIC,Công ty Đầu tư Tài chính Nhà nước T.P Hồ Chí Minh,OTC
HFX,Công ty cổ phần Sản xuất - Xuất nhập khẩu Thanh Hà,Upcom
HGM,Công ty cổ phần Cơ khí và Khoáng sản Hà Giang,HNX
HGW,Công ty Cổ phần Cấp thoát nước - Công trình đô thị Hậu Giang,Upcom
HHA,Công ty cổ phần Văn phòng phẩm Hồng Hà,Upcom
HHC,Công ty Cổ phần Bánh kẹo Hải Hà,HNX
HHG,Công ty Cổ phần Hoàng Hà,HNX
HHL,Công ty Cổ phần Hồng Hà Long An,HNX
HHN,Công ty Cổ Phần Vận tải và Dịch vụ Hàng hóa Hà Nội,Upcom
HHR,Công ty Cổ phần Đường sắt Hải Hà,Upcom
HHS,Công ty Cổ phần Đầu tư Dịch vụ Hoàng Huy,HSX
HHV,CTCP Quản lý và Khai thác Hầm Đường Bộ Hải Vân,Upcom
HICC1,CTCP Đầu tư và Xây dựng số 1 Hà Nội,OTC
HID,Công ty Cổ phần Đầu tư và Tư vấn Hà Long,HSX
HIG,Công ty Cổ phần Tập đoàn HIPT,Upcom
HIGHLANDS,CTCP Dịch vụ Cà phê Cao nguyên,OTC
HIMLAM,CTCP Him Lam,OTC
HINOVN,Công ty Liên doanh TNHH Hino Motors Việt Nam,OTC
HIS,Công ty cổ phần Đầu tư phát triển thương mại tổng hợp Sơn Hà,OTC
HJC,Công ty Cổ phần Hòa Việt,Upcom
HJS,Công ty Cổ phần Thủy điện Nậm Mu,HNX
HKB,Công ty Cổ phần Nông nghiệp và Thực phẩm Hà Nội - Kinh Bắc ,HNX
HKP,CTCP Bao bì Hà Tiên,Upcom
HKT,Công ty Cổ phần Chè Hiệp Khánh,HNX
HLA,Công ty Cổ phần Hữu Liên Á Châu,Upcom
HLB,Công ty Cổ phần Bia và Nước giải khát Hạ Long,Upcom
HLC,CTCP Than Hà Lầm - Vinacomin,HNX
HLCC,CTCP Xi măng Hạ Long,OTC
HLD,Công ty Cổ phần Đầu tư và Phát triển Bất động sản HUDLAND,HNX
HLG,Công ty Cổ phần Tập đoàn Hoàng Long,HSX
HLR,Công ty Cổ phần Đường sắt Hà Lạng,Upcom
HLY,Công ty Cổ phần Viglacera Hạ Long I ,HNX
HMC,Công ty Cổ phần Kim khí Thành phố Hồ Chí Minh - Vnsteel,HSX
HMG,CTCP Kim khí Hà Nội - VNSTEEL,Upcom
HMH,Công ty Cổ phần Hải Minh,HNX
HNB,CTCP Bến xe Hà Nội,Upcom
HND,CTCP Nhiệt điện Hải Phòng,Upcom
HNF,CTCP Thực phẩm Hữu Nghị,Upcom
HNG,Công ty cổ phần Nông nghiệp Quốc tế Hoàng Anh Gia Lai,HSX
HNM,Công ty Cổ phần Sữa Hà Nội,HNX
HNP,Công ty Cổ phần Hanel Xốp nhựa,Upcom
HNT,Công ty Cổ phần Xe điện Hà Nội,Upcom
HOANCAU,Công ty TNHH Hoàn Cầu,OTC
HOANGTHACH,Công ty TNHH MTV Xi măng Vicem Hoàng Thạch,OTC
HOANGTHANH,CTCP Đầu tư và Phát triển Hạ tầng Hoàng Thành,OTC
HOANMY,CTCP Y khoa Hoàn Mỹ,OTC
HOM,Công ty cổ phần Xi măng VICEM Hoàng Mai,HNX
HONDA,Công ty Honda Việt Nam,OTC
HOT,Công ty cổ phần Du lịch - Dịch vụ Hội An,HSX
HPB,Công ty Cổ phần Bao bì PP,Upcom
HPC,Công ty Cổ phần Chứng khoán Hải Phòng,HNX
HPCO,CTCP Hóa Chất Hưng Phát Hà Bắc ,OTC
HPD,Công ty Công ty Cổ phần Thủy điện Đăk Đoa,Upcom
HPG,Công ty cổ phần Tập đoàn Hòa Phát,HSX
HPL,Công ty Cổ phần Bến xe Tàu phà Cần Thơ,Upcom
HPM,CTCP Xây dựng Thương mại và Khoáng sản Hoàng Phúc,HNX
HPP,Công ty Cổ phần Sơn Hải Phòng,Upcom
HPR,Công ty Cổ phần Đầu tư Xây dựng Hồng Phát ,HNX
HPS,Công ty Cổ phần Đá Xây dựng Hoà Phát,HNX
HPT,Công ty Cổ phần Dịch vụ Công nghệ Tin học HPT,Upcom
HPW,Công ty Cổ phần Cấp nước Hải Phòng,Upcom
HQC,Công ty cổ phần Tư vấn-Thương mại-Dịch vụ Địa ốc Hoàng Quân,HSX
HQMK,Công ty cổ phần Tư vấn Thương mại Dịch vụ Địa ốc Hoàng Quân Mê Kông,OTC
HRC,Công ty Cổ phần Cao su Hòa Bình,HSX
HRG,Công ty cổ phần Cao su Hà Nội,Upcom
HRS,Công ty Cổ phần Chứng khoán TẦM NHÌN,OTC
HRT,Công ty cổ phần Vận tải Đường sắt Hà Nội,Upcom
HSA,Công ty Cổ phần HESTIA,Upcom
HSC,Công ty Cổ phần Hacinco,HNX
HSG,Công ty Cổ phần Tập đoàn Hoa Sen,HSX
HSI,Công ty Cổ phần Vật tư tổng hợp và Phân bón Hóa sinh,Upcom
HSM,Tổng Công ty cổ phần Dệt may Hà Nội,OTC
HSSC,Công ty Cổ phần Chứng khoán Hà Nội,OTC
HST,Công ty cổ phần Phát hành Sách và Thiết bị Trường học Hưng Yên,HNX
HT1,Công ty Cổ phần Xi Măng Hà Tiên 1,HSX
HT2,Công ty Cổ phần Xi măng Hà Tiên 2,HSX
HTB,Công ty Cổ phần Xây dựng Huy Thắng,HNX
HTC,Công ty Cổ phần Thương mại Hóc Môn,HNX
HTI,Công ty Cổ phần Đầu tư phát triển hạ tầng IDICO,HSX
HTL,Công ty Cổ phần Kỹ thuật và Ô tô Trường Long,HSX
HTP,Công ty Cổ phần In Sách giáo khoa Hoà Phát,HNX
HTR,Công ty Cổ phần Đường sắt Hà Thái,Upcom
HTT,CTCP Thương mại Hà Tây,OTC
HTU,Công ty Cổ phần Môi trường và Công trình Đô thị Hà Tĩnh,Upcom
HTV,Công ty Cổ phần Vận tải Hà Tiên,HSX
HTW,Công ty Cổ phần Cấp nước Hà Tĩnh,Upcom
HU1,Công ty Cổ phần Đầu tư và Xây dựng HUD1,HSX
HU3,Công ty cổ phần Đầu tư và Xây dựng HUD3,HSX
HU4,Công ty Cổ phần Đầu tư và Xây dựng HUD4,Upcom
HU6,Công ty cổ phần Đầu tư Phát triển nhà và Đô thị HUD 6,Upcom
HUDA,Công ty TNHH Bia Huế,OTC
HUDX,Tổng Công ty Đầu tư Phát triển nhà và Đô thị-Công ty TNHH,OTC
HUNGCA,Công ty TNHH Hùng Cá,OTC
HUNGHAU,Công ty Cổ phần Phát triển Hùng Hậu,OTC
HUT,Công ty Cổ phần Tasco,HNX
HUYNHDAITC,CTCP Ô tô Hyundai Thành Công Việt Nam,OTC
HVA,Công ty cổ phần Nông nghiệp xanh Hưng Việt,HNX
HVC,Công ty Cổ phần Hưng Vượng,Upcom
HVCAPITAL,Công ty Cổ phần Quản lý quỹ Hùng Việt,OTC
HVG,Công ty Cổ phần Hùng Vương,HSX
HVN,Tổng Công ty Hàng không Việt Nam - CTCP,Upcom
HVS,CTCP Chứng khoán Hùng Vương,OTC
HVT,Công ty Cổ phần Hóa chất Việt Trì,HNX
HVX,Công ty Cổ phần Xi măng Vicem Hải Vân,HSX
HYUNDAIVINASHIN,Công ty TNHH Nhà máy Tàu biển Hyundai-Vinashin,OTC
I10,CTCP Đầu tư Xây dựng số 10 IDICO,Upcom
I40,Công ty Cổ phần Đầu tư và Xây dựng 40,Upcom
IBC,CTCP Đầu tư Apax Holding,Upcom
ICA,Công ty Cổ phần Công nghệ Sinh học - Dược phẩm ICA ,OTC
ICC,CTCP Xây dựng Công nghiệp,Upcom
ICF,Công ty Cổ phần Đầu tư Thương mại Thủy Sản,HSX
ICG,Công ty Cổ phần Xây dựng Sông Hồng,HNX
ICI,Công ty Cổ phần Đầu tư và Xây dựng Công nghiệp,Upcom
ICN,Công ty cổ phần Đầu tư Xây dựng Dầu khí IDICO,Upcom
ICPX,Công ty CP Sản xuất hàng gia dụng Quốc tế,OTC
IDGVV,IDG Ventures Vietnam,OTC
IDI,Công ty Cổ phần Đầu tư và Phát triển Đa Quốc Gia I.D.I,HSX
IDICO,Tổng Công ty Đầu tư phát triển đô thị và Khu công nghiệp Việt Nam,OTC
IDJ,Công ty Cổ phần Đầu tư Tài chính Quốc tế và Phát triển Doanh nghiệp IDJ,HNX
IDPX,Công ty CP Sữa Quốc tế,OTC
IDV,Công ty Cổ phần Phát triển Hạ tầng Vĩnh Phúc,HNX
IFC,CTCP Thực phẩm Công nghệ Sài Gòn,Upcom
IFCWB,International Finance Corporation (World Bank),OTC
IFMC,Công ty Cổ phần Quản lý quỹ Quốc tế,OTC
IFS,Công ty Cổ phần Thực phẩm Quốc tế,Upcom
IHK,Công ty Cổ phần In Hàng không,Upcom
IJC,Công ty Cổ phần Phát triển Hạ tầng Kỹ thuật ,HSX
ILC,Công ty Cổ phần Hợp tác Lao động với Nước ngoài,HNX
IME,Công ty Cổ phần Cơ khí và Xây lắp Công nghiệp,Upcom
IMP,Công ty Cổ phần Dược phẩm IMEXPHARM ,HSX
IMT,Công ty Cổ phần Xuất nhập khẩu Đầu tư Thành phố Hồ Chí Minh,Upcom
IN4,Công ty Cổ phần In số 4,Upcom
INC,Công ty Cổ phần Tư vấn Đầu tư IDICO,HNX
INCONESS,Công ty cổ phần Đầu tư PV-INCONESS,OTC
INN,Công ty Cổ phần Bao bì và In Nông nghiệp,HNX
INVESTCO,Công ty cổ phần Đầu tư & Phát triển Xây dựng,OTC
IPA,Công ty cổ phần Tập đoàn Đầu tư I.P.A,Upcom
IPAF,Công ty TNHH MTV Quản lý quỹ Đầu tư chứng khoán I.P.A,OTC
IPPGROUP,Công ty TNHH XNK Liên Thái Bình Dương,OTC
IRS,Công ty Cổ phần Chứng khoán Quốc tế Hoàng Gia,OTC
ISC,Công ty Cổ phần Chứng khoán CÔNG NGHIỆP Việt Nam,OTC
ISG,CTCP Vận tải biển & Hợp tác Quốc tế,Upcom
ISH,Công ty cổ phần Thủy điện Srok Phu Miêng IDICO,Upcom
IST,Công ty Cổ phần ICD Tân Cảng Sóng Thần,Upcom
ITA,Công ty Cổ phần Đầu tư và Công nghiệp Tân Tạo,HSX
ITC,Công ty Cổ phần Đầu tư - Kinh doanh nhà,HSX
ITD,Công ty Cổ phần Công nghệ Tiên Phong,HSX
ITQ,Công ty cổ phần Tập đoàn Thiên Quang,HNX
ITS,"Công ty cổ phần Đầu tư, Thương mại và Dịch vụ - Vinacomin",Upcom
IVS,Công ty cổ phần Chứng khoán Đầu tư Việt Nam,HNX
JACCAR,Jaccar,OTC
JAPFA,Công ty CP Japfa Comfeed Việt Nam,OTC
JFVOF,JPMorgan Vietnam Opportunities Fund,OTC
JPA,Công ty CP Hàng không Jetstar Pacific Airlines,OTC
JSC,Công ty Cổ phần Xây dựng Cầu đường Hà Nội,Upcom
JSI,Công ty cổ phần Chứng khoán Nhật Bản,OTC
JVC,Công ty cổ phần Thiết bị Y tế Việt Nhật,HSX
KAC,Công ty Cổ phần Đầu tư Địa ốc Khang An,HSX
KAL,Công ty cổ phần Nhôm Khánh Hoà,OTC
KBC,Tổng Công ty Phát triển Đô thị Kinh Bắc-CTCP,HSX
KBE,Công ty Cổ phần Sách - Thiết bị Trường học Kiên Giang,Upcom
KBT,Công ty Cổ phần Gạch ngói Kiên Giang,HNX
KCB,CTCP Khoáng sản và luyện kim Cao Bằng,Upcom
KCE,Công ty Cổ phần Bê tông Ly tâm Điện lực Khánh Hòa,Upcom
KDC,Công ty Cổ phần Tập đoàn Kido,HSX
KDH,Công ty Cổ phần Đầu tư Kinh doanh nhà Khang Điền,HSX
KDM,CTCP Xây dựng và Thương mại Long Thành,HNX
KHA,Công ty Cổ phần Đầu tư và Dịch vụ Khánh Hội,HSX
KHATOCO,Tổng Công ty Khánh Việt,OTC
KHB,Công ty Cổ phần Khoáng sản Hòa Bình,HNX
KHD,"CTCP Khai thác, Chế biến khoáng sản Hải Dương",Upcom
KHL,Công ty cổ phần Khoáng sản và Vật liệu Xây dựng Hưng Long,HNX
KHP,Công ty Cổ phần Điện lực Khánh Hòa,HSX
KHV,Công ty TNHH Kim Hà Việt,OTC
KHW,Công ty Cổ phần Cấp nước Khánh Hòa,Upcom
KIP,CTCP Khí cụ Điện 1,Upcom
KIS,Công ty Cổ phần Chứng khoán KIS Việt Nam,OTC
KISIMEX,Công ty CP Thủy sản Kiên Giang,OTC
KKC,Công ty Cổ phần Sản xuất và Kinh doanh Kim khí ,HNX
KLB,Ngân hàng TMCP Kiên Long,OTC
KLF,Công ty Cổ phần Liên doanh Đầu tư Quốc tế KLF,HNX
KLS,Công ty Cổ phần Chứng khoán Kim Long,HNX
KMF,Công ty Cổ phần Mirae Fiber,HNX
KMR,Công ty Cổ phần Mirae,HSX
KMT,Công ty cổ phần Kim khí miền Trung,HNX
KPF,Công ty Cổ phần Tư vấn Dự án Quốc tế KPF,HSX
KSA,Công ty Cổ phần Công nghiệp Khoáng sản Bình Thuận,HSX
KSB,Công ty Cổ phần Khoáng sản và Xây dựng Bình Dương,HSX
KSC,Công ty Cổ phần Muối Khánh Hòa,Upcom
KSD,Công ty cổ phần Đầu tư DNA,HNX
KSH,Công ty Cổ phần Đầu tư và Phát triển KSH,HSX
KSK,Công ty cổ phần Khoáng sản Luyện kim màu,HNX
KSQ,Công ty cổ phần Đầu tư KSQ,HNX
KSS,Công ty Cổ phần Khoáng sản Na Rì Hamico,Upcom
KST,Công ty cổ phần KASATI,HNX
KSV,Tổng Công ty Khoáng sản TKV - CTCP,Upcom
KTB,Công ty Cổ phần Đầu tư Khoáng sản Tây Bắc,Upcom
KTL,CTCP Kim khí Thăng Long,Upcom
KTS,Công ty cổ phần Đường Kon Tum,HNX
KTT,Công ty cổ phần Đầu tư Thiết bị và Xây lắp điện Thiên Trường,HNX
KVC,CTCP Sản xuất Xuất nhập khẩu Inox Kim Vĩ,HNX
KVS,Công ty Cổ phần Chứng khoán KENANGA Việt Nam,OTC
KVTC,Công ty cổ phần Kho vận Tân Cảng,OTC
L10,Công ty cổ phần Lilama 10 ,HSX
L12,Công ty cổ phần Licogi 12,Upcom
L14,Công ty cổ phần LICOGI 14,HNX
L18,Công ty Cổ phần Đầu tư và Xây dựng số 18,HNX
L35,Công ty Cổ phần Cơ khí Lắp máy Lilama,HNX
L43,Công ty Cổ phần Lilama 45.3,HNX
L44,Công ty Cổ phần Lilama 45.4,HNX
L45,CTCP Lilama 45.1,Upcom
L61,Công ty Cổ phần Lilama 69-1,HNX
L62,Công ty Cổ phần Lilama 69-2,HNX
L63,CTCP Lilama 69-3,Upcom
LAF,Công ty Cổ phần Chế biến Hàng xuất khẩu Long An,HSX
LAI,CTCP Đầu tư xây dựng Long An IDICO,Upcom
LAS,Công ty cổ phần Supe Phốt phát và Hóa chất Lâm Thao,HNX
LAVIE,Công ty TNHH LA VIE,OTC
LAW,Công ty cổ phần Cấp thoát nước Long An,Upcom
LBE,Công ty Cổ phần Sách và Thiết bị trường học Long An ,HNX
LBM,Công ty Cổ phần Khoáng sản và Vật liệu xây dựng Lâm Đồng,HSX
LCC,Công ty Cổ phần Xi măng Lạng Sơn,Upcom
LCD,Công ty Cổ phần Lắp máy - Thí nghiệm Cơ điện,HNX
LCG,Công ty cổ phần LICOGI 16,HSX
LCM,Công ty Cổ phần Khai thác và Chế biến Khoáng sản Lào Cai,HSX
LCS,Công ty Cổ phần Licogi 166,HNX
LCW,Công ty Cổ phần Nước sạch Lai Châu,Upcom
LDG,Công ty Cổ phần Đầu tư LDG,HSX
LDP,Công ty Cổ phần Dược Lâm Đồng - Ladophar,HNX
LGC,Công ty Cổ phần Đầu tư Cầu đường CII,HSX
LGL,Công ty cổ phần Đầu tư và Phát triển Đô thị Long Giang,HSX
LHC,Công ty Cổ phần Đầu tư và Xây dựng Thủy lợi Lâm Đồng,HNX
LHG,Công ty Cổ phần Long Hậu,HSX
LICOGI,Tổng Công ty Xây dựng và Phát triển Hạ tầng,OTC
LIG,Công ty Cổ phần Licogi 13,HNX
LILAMA,Tổng công ty lắp máy Việt Nam - CTCP,OTC
LIONGVF,LionGlobal Vietnam Fund,OTC
LIX,Công ty Cổ phần Bột giặt Lix,HSX
LKW,CTCP Cấp nước Long Khánh,Upcom
LM3,Công ty Cổ phần Lilama 3,Upcom
LM7,Công ty Cổ phần Lilama 7,HNX
LM8,Công ty Cổ phần Lilama 18,HSX
LNS,Công ty cổ phần Mía đường La Ngà,OTC
LO5,Công ty Cổ phần Lilama 5,HNX
LOBICO,Công ty CP Đầu tư Long Biên,OTC
LONGHAIGROUP,Công ty CP Tập đoàn đầu tư Long Hải,OTC
LONGTHANHPLASTIC,Công ty TNHH Nhựa Long Thành,OTC
LQN,Công ty cổ phần Licogi Quảng Ngãi,Upcom
LSS,Công ty Cổ phần Mía đường Lam Sơn,HSX
LTC,Công ty cổ phần Điện nhẹ Viễn thông,HNX
LUCKYTEL,Công ty CP XNK thiết bị viễn thông May Mắn,OTC
LUNGLO,Tổng Công ty Xây dựng Lũng Lô,OTC
LUT,Công ty Cổ phần Đầu tư Xây dựng Lương Tài,HNX
LVS,Công ty cổ phần Chứng khoán Liên Việt,OTC
MAC,Công ty Cổ phần Cung ứng và Dịch vụ Kỹ thuật Hàng Hải,HNX
MAFPF1,Quỹ đầu tư tăng trưởng Manulife,HSX
MANULIFE,Công ty TNHH Manulife (Việt Nam),OTC
MAS,Công ty cổ phần Dịch vụ Hàng không Sân bay Đà Nẵng,HNX
MAX,Công ty Cổ phần Khai khoáng và Cơ khí Hữu nghị Vĩnh Sinh,HNX
MBB,Ngân hàng Thương mại Cổ phần Quân đội,HSX
MBG,Công ty cổ phần Đầu tư Phát triển Xây dựng và Thương mại Việt Nam,HNX
MBKE,Công ty cổ phần Chứng khoán MayBank Kim Eng,OTC
MBS,Công ty cổ phần Chứng khoán MB,HNX
MC3,Công ty Cổ phần Khoáng sản 3 - Vimico,Upcom
MCC,Công ty Cổ phần Gạch ngói cao cấp,HNX
MCF,CTCP Xây lắp Cơ khí và Lương thực Thực phẩm ,HNX
MCG,Công ty Cổ phần Cơ điện và Xây dựng Việt Nam,HSX
MCH,Công ty Cổ phần Hàng tiêu dùng Masan,Upcom
MCI,CTCP Đầu tư Xây dựng và Phát triển Vật liệu IDICO ,Upcom
MCK,'',Upcom
MCL,Công ty Cổ phần Phát triển Nhà và Sản xuất Vật liệu xây dựng Chí Linh,HNX
MCO,Công ty Cổ phần Đầu tư và Xây dựng BDC Việt Nam,HNX
MCP,Công ty cổ phần In và Bao bì Mỹ Châu,HSX
MCT,Công ty Cổ phần Kinh doanh Vật tư và Xây dựng,Upcom
MCV,Công ty Cổ phần Cavico Việt Nam Khai thác Mỏ và Xây dựng ,HSX
MDC,Công ty cổ phần Than Mông Dương - Vinacomin,HNX
MDF,Công ty cổ phần Gỗ MDF VRG Quảng Trị,Upcom
MDG,Công ty Cổ phần miền Đông,HSX
MEC,Công ty Cổ phần Someco Sông Đà,HNX
MED,Công ty cổ phần Dược Trung ương Mediplantex,OTC
MEDIAMART,CTCP Mediamart Việt Nam,OTC
MEF,Công ty cổ phần MEINFA,Upcom
MEKONGCAP,Mekong Capital,OTC
MEKONGSECURITIES,Công ty Cổ phần Chứng khoán Mê Kông - MSC,OTC
MERCEDESVN,Công ty Liên doanh Mercedes-Benz Việt Nam,OTC
MES,Công ty cổ phần Cơ điện Công trình,Upcom
METROVN,Công ty TNHH Metro Cash & Carry Việt Nam,OTC
MGC,CTCP Địa chất mỏ - TKV,Upcom
MH3,Công ty Cổ phần Khu Công Nghiệp Cao Su Bình Long,Upcom
MHB,Ngân hàng TMCP Phát triển nhà đồng bằng sông Cửu Long,OTC
MHBS,Công ty cổ phần Chứng khoán Ngân hàng Phát triển Nhà đồng bằng Sông Cửu Long,OTC
MHC,Công ty Cổ phần MHC,HSX
MHDI,Tổng Công ty Đầu tư phát triển nhà và Đô thị - BQP,OTC
MHL,Công ty Cổ phần Minh Hữu Liên,HNX
MIC,Công ty Cổ phần Kỹ nghệ Khoáng sản Quảng Nam,Upcom
MICROSOFT,Công ty TNHH Microsoft Việt Nam,OTC
MIE,Tổng Công ty Máy và Thiết bị Công nghiệp,OTC
MIH,Công ty Cổ phần Xuất nhập khẩu Khoáng sản Hà Nam,HNX
MIM,Công ty Cổ phần Khoáng sản và Cơ khí,HNX
MINHLONG1,Công ty TNHH Minh Long 1,OTC
MINHVIETCAPITAL,Công ty Cổ phần Quản lý quỹ đầu tư Chứng khoán Minh Việt,OTC
MIPEC,CTCP Hóa dầu Quân đội,OTC
MIPECORP,Tổng Công ty Xăng dầu Quân đội,OTC
MIRAEASSET,Công ty Trách nhiệm Hữu hạn Chứng khoán Mirae Asset (Việt Nam),OTC
MJC,Công ty Cổ phần Thương mại Mộc Hóa,Upcom
MKP,Công ty Cổ phần Hóa - Dược phẩm MEKOPHAR,HSX
MKT,Công ty cổ phần Dệt Minh Khai,Upcom
MKV,Công ty Cổ phần Dược Thú y Cai Lậy,HNX
MLC-NE,Công ty cổ phần Tập đoàn Mai Linh Miền Bắc,OTC
MLG,Công ty Cổ phần Tập đoàn Mai Linh,OTC
MLS,Công ty cổ phần Chăn nuôi - Mitraco,HNX
MMC,Công ty Cổ phần Khoáng sản Mangan,Upcom
MNB,Tổng Công ty cổ phần May Nhà Bè,OTC
MNC,Công ty Cổ phần Tập đoàn Mai Linh Miền Trung,HNX
MOBIFONE,Tổng Công ty Viễn thông Mobifone,OTC
MOCCHAUMILK,CTCP Giống bò sữa Mộc Châu,OTC
MOMOTA,Công ty cổ phần 118,OTC
MPC,Công ty Cổ phần Tập đoàn Thủy sản Minh Phú,HSX
MPHG,CTCP Chế biến Thủy sản Minh Phú - Hậu Giang,OTC
MPT,CTCP May Phú Thành,HNX
MSC,Công ty cổ phần Dịch vụ Phú Nhuận,HNX
MSG,Công ty Cổ phần Chứng khoán MORGAN STANLEY Hướng Việt,OTC
MSH,CTCP May Sông Hồng,OTC
MSI,Công ty Cổ phần Chứng khoán Maritime,HNX
MSM,Công ty TNHH Truyền thông Megastar,OTC
MSN,Công ty Cổ phần Tập đoàn MaSan,HSX
MSR,Công ty cổ phần Tài nguyên Masan,Upcom
MST,CTCP Xây dựng 1.1.6.8,HNX
MTA,Tổng Công ty Khoáng sản và Thương mại Hà Tĩnh - CTCP,Upcom
MTC,CTCP Dịch vụ Du lịch Mỹ Trà,Upcom
MTG,Công ty Cổ phần MT Gas,Upcom
MTH,Công ty Cổ phần Môi trường Đô thị Hà Đông,Upcom
MTL,CTCP Dịch vụ Môi trường Đô thị Từ Liêm,Upcom
MTM,CTCP Mỏ và Xuất nhập khẩu Khoáng sản Miền Trung,Upcom
MTP,Công ty Cổ phần Dược trung ương Medipharco - Tenamyd,Upcom
MTS,Công ty cổ phần Vật tư - TKV,OTC
MUONGTHANH,Doanh nghiệp tư nhân Xây dựng số 1 tỉnh Điện Biên,OTC
MVB,Tổng công ty Công nghiệp mỏ Việt Bắc TKV - CTCP,Upcom
MVY,Công ty Cổ phần Môi trường và Dịch vụ Đô thị Vĩnh Yên,Upcom
MWG,Công ty cổ phần Đầu tư Thế giới Di động,HSX
NAC,CTCP Tư Vấn Xây Dựng Tổng Hợp,OTC
NAF,Công ty Cổ phần Nafoods Group ,HSX
NAG,Công ty cổ phần Nagakawa Việt Nam,HNX
NAKYDACO,CTCP Dầu thực vật Tân Bình,OTC
NAMCUONG,CTCP Tập đoàn Nam Cường Hà Nội,OTC
NAP,Công ty cổ phần Cảng Nghệ Tĩnh,Upcom
NAS,Công ty Cổ phần Dịch vụ Hàng không Sân bay Nội Bài,Upcom
NASC,Công ty TNHH Chứng khoán Shinhan Việt Nam,OTC
NASICO,Công ty TNHH MTV Đóng Tàu Nam Triệu ,OTC
NAV,Công ty Cổ phần Nam Việt,HSX
NBB,Công ty Cổ phần Đầu tư Năm Bảy Bảy,HSX
NBC,Công ty cổ phần Than Núi Béo – Vinacomin,HNX
NBP,Công ty Cổ phần Nhiệt điện Ninh Bình,HNX
NBR,CTCP Đường sắt Nghĩa Bình,Upcom
NBS,Công ty Cổ phần Bến xe Nghệ An,Upcom
NBT,CTCP Cấp thoát nước Bến Tre,Upcom
NBW,Công ty Cổ phần Cấp nước Nhà Bè,Upcom
NCP,CTCP Nhiệt điện Cẩm Phả - Vinacomin,OTC
NCS,Công ty cổ phần Suất ăn Hàng không Nội Bài,Upcom
NCT,Công ty Cổ phần Dịch vụ Hàng hóa Nội Bài,HSX
ND2,Công ty Cổ phần Đầu tư Phát triển điện Miền Bắc 2,Upcom
NDC,Công ty Cổ phần Nam Dược,Upcom
NDF,CTCP Chế biến thực phẩm nông sản xuất khẩu Nam Định,HNX
NDHI,Công ty TNHH Đầu tư NDH Việt Nam,OTC
NDHINVEST,Công ty TNHH Đầu tư NDH,OTC
NDN,Công ty Cổ phần Đầu tư Phát triển Nhà Đà Nẵng ,HNX
NDP,CTCP Dược phẩm 2-9 TP. Hồ Chí Minh,Upcom
NDQN,CTCP Nhiệt điện Quảng Ninh,OTC
NDX,Công ty Cổ phần Xây lắp Phát triển Nhà Đà Nẵng,HNX
NECORP,Tổng Công ty Đông Bắc - BQP,OTC
NET,Công ty Cổ phần Bột giặt Net,HNX
NFC,Công ty Cổ phần Phân lân Ninh Bình ,HNX
NGC,Công ty Cổ phần Chế biến Thủy sản Xuất khẩu Ngô Quyền ,HNX
NGUYENKIM,CTCP Thương mại Nguyễn Kim,OTC
NHA,Tổng Công ty Đầu tư Phát triển Nhà và Đô thị Nam Hà Nội,HNX
NHAC,Công ty Cổ Phần Nguyên Hà Á Châu,OTC
NHC,Công ty Cổ phần Gạch Ngói Nhị Hiệp,HNX
NHN,Công ty cổ phần Phát triển Đô thị Nam Hà Nội,Upcom
NHONHOA,Công ty TNHH Sản xuất cân Nhơn Hòa,OTC
NHP,Công ty Cổ phần Sản xuất Xuất nhập khẩu NHP,HNX
NHS,Công ty Cổ phần Đường Ninh Hòa,HSX
NHV,Công ty cổ phần Nam Hà Việt Thái,OTC
NHW,Công ty Cổ phần Ngô Han,HSX
NIS,Công ty Cổ phần Dịch vụ Hạ tầng mạng,HNX
NISACO,Công ty cổ phần Muối Ninh Thuận,OTC
NJC,CTCP Thương mại Vàng bạc đá quý Phương Nam,OTC
NKD,Công ty Cổ phần Chế biến Thực phẩm Kinh Đô Miền Bắc ,HSX
NKG,Công ty Cổ phần Thép Nam Kim,HSX
NKID,CTCP Đầu tư và Phát triển Nguyễn Kim,OTC
NLC,Công ty Cổ phần Thủy điện Nà Lơi,HNX
NLG,Công ty cổ phần Đầu tư Nam Long,HSX
NLS,Công ty cổ phần Cấp thoát Nước Lạng Sơn,Upcom
NMK,Công ty cổ phần Xây dựng Công trình 510,Upcom
NNB,CTCP Cấp thoát nước Ninh Bình,Upcom
NNC,Công ty Cổ phần Đá Núi Nhỏ,HSX
NNG,Công ty Cổ phần Công nghiệp - Dịch vụ - Thương Mại Ngọc Nghĩa,Upcom
NNT,Công ty cổ phần Cấp nước Ninh Thuận,Upcom
NORCEM,CTCP Kinh doanh Xi măng Miền Bắc,OTC
NOS,Công ty Cổ phần Vận tải Biển Bắc,Upcom
NPH,CTCP Khách sạn Bưu điện Nha Trang,Upcom
NPS,Công ty Cổ phần May Phú Thịnh - Nhà Bè,HNX
NQB,Công ty cổ phần Cấp nước Quảng Bình,Upcom
NQT,Công ty Cổ phần Nước sạch Quảng Trị,Upcom
NS2,Công ty Cổ phần Nước sạch số 2 Hà Nội,Upcom
NS3,CTCP Sản xuất Kinh doanh Nước sạch số 3 Hà Nội,Upcom
NSC,Công ty cổ phần Giống cây trồng Trung ương,HSX
NSG,CTCP Nhựa Sài Gòn,Upcom
NSI,Công ty Cổ phần Chứng khoán Quốc gia,OTC
NSN,Công ty Cổ phần Xây dựng 565,HNX
NSP,Công ty Cổ phần Nhựa Sam Phú,Upcom
NST,Công ty Cổ phần Ngân Sơn,HNX
NT2,Công ty Cổ phần Điện lực Dầu khí Nhơn Trạch 2,HSX
NTB,Công ty cổ phần Đầu tư Xây dựng và Khai thác Công trình Giao thông 584,Upcom
NTC,Công ty Cổ phần Khu Công nghiệp Nam Tân Uyên,Upcom
NTL,Công ty Cổ phần Phát triển Đô thị Từ Liêm ,HSX
NTP,Công ty Cổ phần Nhựa Thiếu niên Tiền Phong,HNX
NTR,Công ty Cổ Phần Đường sắt Nghệ Tĩnh,Upcom
NTSF,Công ty Cổ phần Nha Trang Seafoods - F17,OTC
NTW,Công ty cổ phần Cấp nước Nhơn Trạch,Upcom
NUE,Công ty Cổ phần Môi trường Đô thị Nha Trang,Upcom
NVB,Ngân hàng Thương mại cổ phần Quốc Dân,HNX
NVC,Công ty Cổ phần Nam Vang,HNX
NVL,Công ty cổ phần Tập đoàn Đầu tư Địa ốc No Va,HSX
NVN,Công ty Cổ phần Nhà Việt Nam,HSX
NVP,Công ty Cổ phần Nước sạch Vĩnh Phúc,Upcom
NVS,Công ty cổ phần Chứng khoán NAVIBANK,OTC
NVT,Công ty Cổ phần Bất động sản Du lịch Ninh Vân Bay,HSX
NWT,CTCP Vận tải Newway,Upcom
OCB,Ngân hàng Thương mại cổ phần Phương Đông,OTC
OCH,Công ty Cổ phần Khách sạn và Dịch vụ Đại Dương,HNX
OCS,Công ty Cổ phần Chứng khoán Đại Dương,OTC
OGC,Công ty Cổ phần Tập đoàn Đại Dương,HSX
OLAM,Công ty TNHH Olam Việt Nam,OTC
OLC,"Công ty cổ phần Xây dựng, Dịch vụ và Hợp tác lao động",Upcom
OMC,Công ty Cổ phần Quản lý quỹ đầu tư Chứng khoán Phương Đông,OTC
ONE,Công ty Cổ phần Truyền thông số 1,HNX
ONW,Công ty Cổ phần Dịch vụ Một Thế giới,Upcom
OPC,Công ty cổ phần Dược phẩm OPC,HSX
ORION,Công ty TNHH Thực phẩm Orion Vina,OTC
ORS,Công ty cổ phần Chứng khoán Phương Đông,HNX
OSC,Công ty Cổ phần Chứng khoán ĐẠI TÂY DƯƠNG,OTC
OTG,CTCP Otran Logistics,OTC
OTRAN,CTCP Otran Việt Nam,OTC
PAC,Công ty Cổ phần Pin Ắc quy Miền Nam ,HSX
PAI,"CTCP Công nghệ thông tin, viễn thông và tự động hóa Dầu khí",Upcom
PAN,Công ty Cổ phần Tập đoàn PAN,HSX
PAP,CTCP Dầu khí đầu tư khai thác Cảng Phước An,OTC
PARKSON,Công ty TNHH Parkson Việt Nam,OTC
PBP,Công ty cổ phần Bao bì Dầu khí Việt Nam,HNX
PC1,Công ty cổ phần Xây lắp điện 1,HSX
PCE,Công ty cổ phần Phân bón và Hóa chất Dầu khí Miền Trung,HNX
PCF,CTCP Cà Phê PETEC,OTC
PCG,Công ty Cổ phần Đầu tư và Phát triển Gas Đô Thị,HNX
PCN,Công ty cổ phần Hóa phẩm dầu khí DMC - miền Bắc,HNX
PCS,Công ty cổ phần Chứng khoán Kiến thiết Việt Nam,OTC
PCT,Công ty cổ phần Dịch vụ Vận tải Dầu khí Cửu Long,HNX
PDB,Công ty Cổ phần Pacific Dinco,HNX
PDC,Công ty cổ phần Du lịch Dầu khí Phương Đông,HNX
PDN,Công ty Cổ phần Cảng Đồng Nai,HSX
PDR,Công ty cổ phần Phát triển Bất động sản Phát Đạt,HSX
PEC,Công ty Cổ phần Cơ khí Điện lực,Upcom
PEN,Công ty cổ phần Xây lắp III Petrolimex,HNX
PENM,BankInvest/PENM Partners,OTC
PEQ,CTCP Thiết bị Xăng dầu Petrolimex,Upcom
PET,Tổng Công ty Cổ phần Dịch vụ Tổng hợp Dầu khí,HSX
PETEC,TÔNG CÔNG TY THƯƠNG MẠI KỸ THUẬT VÀ ĐẦU TƯ – CÔNG TY CỔ PHẦN,OTC
PFI,Công ty Cổ phần Đầu tư Tài chính Công đoàn Dầu khí,OTC
PFL,Công ty cổ phần Dầu khí Đông Đô,Upcom
PFV,Công ty Cổ phần Đầu tư và Thương mại PFV,Upcom
PGC,Tổng Công ty Gas Petrolimex-CTCP,HSX
PGD,Công ty Cổ phần Phân phối Khí thấp áp Dầu khí Việt Nam,HSX
PGI,Tổng Công ty cổ phần Bảo hiểm Petrolimex,HSX
PGS,Công ty Cổ phần Kinh doanh Khí Miền Nam,HNX
PGSC,Công ty Cổ phần Chứng khoán PHÚ GIA,OTC
PGT,Công ty Cổ phần PGT Holdings,HNX
PHC,Công ty cổ phần Xây dựng Phục Hưng Holdings,HNX
PHH,Công ty Cổ phần Hồng Hà Việt Nam,Upcom
PHP,Công ty cổ phần Cảng Hải Phòng,HNX
PHR,Công ty cổ phần Cao su Phước Hòa,HSX
PHS,Công ty Cổ phần Chứng khoán Phú Hưng,HNX
PHT,Công ty Cổ phần Sản xuất và Thương mại Phúc Tiến ,HSX
PHUCSINH,CTCP Cà phê Phúc Sinh,OTC
PHUMYHUNG,Công ty TNHH Phát triển Phú Mỹ Hưng,OTC
PIA,Công ty cổ phần Tin học Viễn thông Petrolimex,Upcom
PIAGGIO,Công ty TNHH Piaggio Việt Nam,OTC
PIC,CTCP Đầu tư Điện lực 3,HNX
PICO,CTCP PICO,OTC
PID,Công ty Cổ phần Trang trí Nội thất Dầu khí,Upcom
PIS,Tổng công ty Pisico Bình Định - CTCP ,Upcom
PIT,Công ty Cổ phần Xuất nhập khẩu Petrolimex,HSX
PIV,Công ty Cổ phần PIV,HNX
PIVLS,Công ty Cổ phần Đầu tư Khu công nghiệp Dầu khí - Idico Long Sơn,OTC
PJC,Công ty Cổ phần Thương mại và Vận tải Petrolimex Hà Nội,HNX
PJS,Công ty cổ phần Cấp nước Phú Hòa Tân,Upcom
PJT,Công ty Cổ phần Vận tải Xăng dầu Đường thủy Petrolimex,HSX
PKR,Công ty Cổ phần Đường sắt Phú Khánh,Upcom
PLASCHEM,CTCP Hóa chất nhựa,OTC
PLC,Tổng Công ty Hóa dầu Petrolimex-CTCP,HNX
PLCO,Công ty Cổ phần Kho Vận Petec ,OTC
PLX,Tập đoàn Xăng dầu Việt Nam,OTC
PMB,Công ty cổ phần Phân bón và Hóa chất Dầu khí Miền Bắc,HNX
PMC,Công ty Cổ phần Dược phẩm Dược liệu Pharmedic,HNX
PMJ,CTCP Vật tư Bưu điện,Upcom
PMP,Công ty cổ phần Bao bì Đạm Phú Mỹ,HNX
PMS,Công ty Cổ phần Cơ khí Xăng dầu,HNX
PMT,Công ty cổ phần Viễn thông TELVINA Việt Nam,Upcom
PNC,Công ty Cổ phần Văn hóa Phương Nam ,HSX
PND,Công ty Cổ phần Xăng dầu Dầu khí Nam Định,Upcom
PNG,Công ty cổ phần Thương mại Phú Nhuận,Upcom
PNJ,Công ty Cổ phần Vàng bạc Đá quý Phú Nhuận,HSX
PNS,Công ty cổ phần chứng khoán Phương Nam,OTC
PNT,Công ty cổ phần Kỹ thuật Xây dựng Phú Nhuận,Upcom
POM,Công ty Cổ phần Thép Pomina,HSX
POS,"Công ty Cổ phần Dịch vụ Lắp đặt, Vận hành và Bảo dưỡng Công trình Dầu khí biển PTSC",Upcom
POT,Công ty Cổ phần Thiết bị Bưu điện,HNX
POV,Công ty Cổ phần Xăng dầu Dầu khí Vũng Áng,Upcom
PPC,Công ty Cổ phần Nhiệt điện Phả Lại ,HSX
PPE,Công ty cổ phần Tư vấn Điện lực Dầu khí Việt Nam,HNX
PPG,Công ty Cổ phần Sản xuất Thương mại Dịch vụ Phú Phong,Upcom
PPH,Tổng CTCP Phong Phú,OTC
PPI,Công ty Cổ phần Đầu tư và Phát triển Dự án Hạ tầng Thái Bình Dương,HSX
PPP,Công ty Cổ phần Dược phẩm Phong Phú,HNX
PPS,Công ty Cổ phần Dịch vụ Kỹ thuật Điện lực Dầu khí Việt Nam,HNX
PPY,CTCP Xăng dầu Dầu khí Phú Yên,HNX
PQG,CTCP Đầu tư vàng Phú Quý,OTC
PRC,Công ty Cổ phần Logistics Portserco,HNX
PRIME,CTCP Prime Group,OTC
PRO,Công ty Cổ phần Procimex Việt Nam,Upcom
PROCONCO,CTCP Việt Pháp sản xuất thức ăn gia súc,OTC
PRUBF1,Quỹ Đầu tư Cân bằng Prudential ,HSX
PRUDENTIAL,Công ty TNHH Bảo hiểm Nhân thọ Prudential Việt Nam,OTC
PRUFC,Công ty TNHH MTV Tài chính Prudential Việt Nam,OTC
PSB,Công ty cổ phần Đầu tư Dầu khí Sao Mai – Bến Đình,Upcom
PSC,Công ty cổ phần Vận tải và Dịch vụ Petrolimex Sài Gòn,HNX
PSD,Công ty cổ phần Dịch vụ Phân phối Tổng hợp Dầu khí,HNX
PSE,Công ty cổ phần Phân bón và Hóa chất Dầu khí Đông Nam Bộ,HNX
PSG,Công ty Cổ phần Đầu tư và Xây lắp Dầu khí Sài Gòn ,Upcom
PSI,Công ty cổ phần Chứng khoán Dầu khí,HNX
PSL,Công ty Cổ phần Chăn nuôi Phú Sơn,Upcom
PSN,Công ty Cổ phần Cảng dịch vụ Dầu khí Tổng hợp PTSC Thanh Hóa,OTC
PSP,Công ty Cổ phần Cảng dịch vụ Dầu khí Đình Vũ,Upcom
PSW,Công ty cổ phần Phân bón và Hóa chất Dầu khí Tây Nam Bộ,HNX
PTB,Công ty Cổ phần Phú Tài,HSX
PTC,Công ty Cổ phần Đầu tư và Xây dựng Bưu điện,HSX
PTD,CTCP Thiết kế - Xây dựng - Thương mại Phúc Thịnh,HNX
PTE,Công ty Cổ phần Xi măng Phú Thọ,Upcom
PTG,Công ty Cổ phần May Xuất khẩu Phan Thiết,Upcom
PTH,Công ty Cổ phần Vận tải và Dịch vụ Petrolimex Hà Tây,Upcom
PTI,Tổng Công ty Cổ phần Bảo hiểm Bưu điện ,HNX
PTK,Công ty Cổ phần Luyện kim Phú Thịnh,Upcom
PTL,Công ty Cổ phần Đầu tư Hạ tầng và Đô thị Dầu khí PVC,HSX
PTM,"Công ty cổ phần Sản xuất, Thương mại và Dịch vụ ôtô PTM",Upcom
PTP,Công ty Cổ phần Dịch vụ Viễn thông và In Bưu điện,Upcom
PTS,Công ty Cổ phần Vận tải và Dịch vụ Petrolimex Hải Phòng,HNX
PTT,Công ty Cổ phần Vận tải Dầu khí Đông Dương,Upcom
PTV,Công ty cổ phần Thương mại Dầu khí,OTC
PV2,Công ty cổ phần Đầu tư PV2,HNX
PVA,Công ty Cổ phần Tổng Công ty Xây lắp Dầu khí Nghệ An,Upcom
PVB,Công ty cổ phần Bọc ống Dầu khí Việt Nam,HNX
PVC,Tổng Công ty Dung dịch khoan và Hóa phẩm Dầu khí-CTCP,HNX
PVCME,Công ty cổ phần Thi công cơ giới và lắp máy dầu khí,OTC
PVD,Tổng Công ty Cổ phần Khoan và Dịch vụ Khoan Dầu khí,HSX
PVE,Tổng Công ty Tư vấn Thiết kế Dầu khí-CTCP,HNX
PVEIC,Tổng Công ty Bảo Dưỡng -Sửa chữa Công trình Dầu khí - CTCP,OTC
PVEP,Tổng Công ty Thăm dò Khai thác Dầu khí,OTC
PVF,Tổng Công ty Tài chính Cổ phần Dầu khí Việt Nam,HSX
PVFCC,Công ty Cổ phần Quản lý quỹ Đầu tư Tài chính Dầu khí,OTC
PVG,Công ty Cổ phần Kinh doanh Khí hóa lỏng Miền Bắc,HNX
PVI,Công ty Cổ phần PVI,HNX
PVI RE,Công ty Tái bảo hiểm PVI,OTC
PVID,Công ty cổ phần Đầu tư và Xây lắp khí,OTC
PVIF,Công ty cổ phần Đầu tư Tài chính Bảo hiểm Dầu khí,OTC
PVIINSURANCE,Tổng Công ty Bảo hiểm PVI,OTC
PVL,Công ty cổ phần Địa ốc Dầu khí,HNX
PVM,Công ty Cổ phần Máy - Thiết bị Dầu khí,Upcom
PVN,Tập đoàn Dầu khí Việt Nam,OTC
PVO,CTCP Dầu nhờn PV Oil,Upcom
PVOIL,Tổng Công ty Dầu Việt Nam,OTC
PVP,Công ty Cổ phần Vận tải dầu khí Thái Bình Dương,Upcom
PVPOWER,Tổng Công ty Điện lực Dầu khí Việt Nam,OTC
PVR,Công ty Cổ phần Kinh doanh Dịch vụ cao cấp Dầu khí Việt Nam,HNX
PVS,Tổng Công ty Cổ phần Dịch vụ Kỹ thuật Dầu khí Việt Nam,HNX
PVSH,Công ty cổ phần Đầu tư và Thương mại Dầu khí Sông Hồng,OTC
PVST,Công ty cổ phần Du lịch dầu khí Sapa,OTC
PVT,Tổng công ty Cổ phần Vận tải Dầu khí,HSX
PVV,Công ty Cổ phần Đầu tư Xây dựng Vinaconex - PVC,HNX
PVX,Tổng Công ty cổ phần Xây lắp Dầu khí Việt Nam,HNX
PX1,Công ty cổ phần Xi măng Sông Lam 2,Upcom
PXA,Công ty cổ phần Đầu tư & Thương mại Dầu khí Nghệ An,HNX
PXC,Công ty cổ phần Phát triển đô thị Dầu khí,Upcom
PXH,Công ty cổ phần Xây lắp Dầu khí Hà Nội,OTC
PXI,Công ty Cổ phần Xây dựng công nghiệp và dân dụng Dầu khí,HSX
PXL,Công ty cổ phần Đầu tư Xây dựng Thương mại Dầu khí-IDICO,Upcom
PXM,Công ty Cổ phần Xây lắp Dầu khí Miền Trung,Upcom
PXPVEEF,PXP Vietnam Emerging Equity Fund,OTC
PXS,Công ty Cổ phần Kết cấu Kim loại và Lắp máy Dầu khí,HSX
PXT,Công ty Cổ phần Xây lắp Đường ống Bể chứa Dầu khí,HSX
PXV,Công ty Cổ phần Bất động sản Dầu khí,OTC
PYNMFE,Mutual Fund Elite,OTC
PYU,CTCP Môi trường và Công trình Đô thị Phúc Yên,OTC
QBR,Công ty Cổ Phần Đường sắt Quảng Bình,Upcom
QBS,Công ty Cổ phần Xuất nhập khẩu Quảng Bình,HSX
QCC,CTCP Đầu tư Xây dựng và Phát triển Hạ tầng Viễn thông,Upcom
QCG,Công ty Cổ phần Quốc Cường Gia Lai,HSX
QHD,Công ty Cổ phần Que hàn điện Việt Đức,HNX
QHW,CTCP Nước khoáng Quảng Ninh,Upcom
QMCGROUP,Công ty Cổ phần Tập đoàn Quang Minh,OTC
QNC,Công ty Cổ phần Xi măng và Xây dựng Quảng Ninh,HNX
QNP,CTCP Cảng Quy Nhơn,OTC
QNS,Công ty Cổ phần Đường Quảng Ngãi,Upcom
QNU,Công ty Cổ phần Môi trường Đô thị Quảng Nam,Upcom
QNW,CTCP Cấp thoát nước và Xây dựng Quảng Ngãi,Upcom
QPH,Công ty Cổ phần Thủy điện Quế Phong,Upcom
QSP,Công ty cổ phần Tân Cảng Quy Nhơn,Upcom
QST,Công ty Cổ phần Sách và Thiết bị trường học Quảng Ninh,HNX
QTC,Công ty Cổ phần Công trình Giao thông Vận tải Quảng Nam,HNX
QUANGNINHPORT,CTCP Cảng Quảng Ninh,OTC
QVFOOD,Công ty TNHH Kinh doanh chế biến thủy sản và XNK Quốc Việt,OTC
RAL,Công ty Cổ phần Bóng đèn Phích nước Rạng Đông,HSX
RAT,CTCP Vận tải và Thương mại Đường sắt,Upcom
RBC,CTCP Công nghiệp và Xuất nhập khẩu Cao Su,Upcom
RCC,Công ty Cổ phần Tổng công ty Công trình đường sắt,Upcom
RCD,Công ty cổ phần Xây dựng - Địa ốc Cao su,Upcom
RCL,Công ty Cổ phần Địa ốc Chợ Lớn,HNX
RDP,Công ty Cổ phần Nhựa Rạng Đông,HSX
REDBULL,Công ty TNHH Red Bull (Việt Nam),OTC
REDRIVER,Red River Holding,OTC
REE,Công ty Cổ phần Cơ điện lạnh,HSX
REM,Công ty cổ phần Tu bổ di tích Trung ương - Vinaremon,Upcom
RESCO,Tổng Công ty Địa ốc Sài Gòn - TNHH MTV,OTC
RHC,Công ty Cổ phần Thủy điện Ry Ninh II,HNX
RIC,Công ty Cổ phần Quốc tế Hoàng Gia,HSX
RLC,Công ty Cổ phần Đường bộ Lào Cai,Upcom
ROS,CTCP Xây dựng FLC Faros,HSX
ROSE,Công ty cổ phần Chứng khoán Hoàng Gia,OTC
RTB,Công ty cổ phần Cao su Tân Biên,Upcom
RTD,CTCP Phát triển công nghệ nông thôn,OTC
RTH,Công ty Cổ phần Đường sắt Thanh Hóa,Upcom
RTS,CTCP Thông tin tín hiệu Đường sắt Đà Nẵng,Upcom
RUBSE,Công ty Cổ phần Chứng khoán CAO SU,OTC
S12,Công ty Cổ phần Sông Đà 12,Upcom
S27,Công ty cổ phần Sông Đà 27,Upcom
S33,Công ty cổ phần Mía đường 333,Upcom
S4A,Công ty Cổ phần Thủy điện Sê San 4A,HSX
S55,Công ty Cổ phần Sông Đà 505,HNX
S64,Công ty Cổ phần Sông Đà 6.04,HNX
S74,Công ty Cổ phần Sông Đà 7.04,HNX
S91,Công ty Cổ phần Sông Đà 9.01,HNX
S96,Công ty Cổ phần Sông Đà 9.06,Upcom
S99,Công ty Cổ phần SCI,HNX
SAB,Tổng CTCP Bia - Rượu - Nước giải khát Sài Gòn,HSX
SABECONT,Công ty cổ phần Bia Sài Gòn - Nghệ Tĩnh,OTC
SABIBECO,Công ty cổ phần Bia Sài Gòn-Bình Tây,OTC
SAC,Công ty Cổ phần Xếp dỡ và Dịch vụ Cảng Sài Gòn,Upcom
SADACO,CTCP Phát Triển Sản Xuất Thương Mại Sài Gòn,OTC
SAF,Công ty Cổ phần Lương thực Thực phẩm Safoco,HNX
SAGRI,Tổng Công ty Nông nghiệp Sài Gòn - TNHH MTV,OTC
SAIGON5,Công ty TNHH MTV Xây dựng Thương mại Sài Gòn 5,OTC
SAIGONAM,Saigon Asset Management,OTC
SAIGONCAPITAL,Công ty Cổ phần Quản lý quỹ Sài Gòn,OTC
SAIGONCONS,Tổng Công ty Xây dựng Sài Gòn - TNHH MTV,OTC
SAIGONCOOP,Liên hiệp Hợp tác xã Thương mại Thành phố Hồ Chí Minh,OTC
SAIGONPETRO,Công ty TNHH MTV Dầu khí Thành phố Hồ Chí Minh,OTC
SAIGONTOURIST,Tổng Công ty Du lịch Sài Gòn - TNHH Một thành viên,OTC
SAM,Công ty Cổ phần Đầu tư và Phát triển Sacom,HSX
SAMCO,Tổng Công ty Cơ khí Giao thông Vận tải Sài Gòn - TNHH MTV,OTC
SAMVEH,Vietnam Equity Holding,OTC
SAMVPH,Vietnam Property Holding,OTC
SAP,Công ty Cổ phần In Sách giáo khoa tại Tp.Hồ Chí Minh,HNX
SAPHARCO,Công ty TNHH MTV Dược Sài Gòn,OTC
SAS,CTCP Dịch vụ Hàng không Sân bay Tân Sơn Nhất,Upcom
SATRA,Tổng Công ty Thương mại Sài Gòn - TNHH MTV,OTC
SAV,Công ty Cổ phần Hợp tác kinh tế và Xuất nhập khẩu SAVIMEX,HSX
SAWACO,Tổng Công ty Cấp nước Sài Gòn,OTC
SB1,Công ty cổ phần Bia Sài Gòn - Nghệ Tĩnh,Upcom
SBA,Công ty Cổ phần Sông Ba,HSX
SBBS,Công ty Cổ phần Chứng khoán SAIGONBANK BERJAYA,OTC
SBC,Công ty Cổ phần Vận tải và Giao nhận bia Sài Gòn,HSX
SBD,Công ty Cổ phần Công nghệ Sao Bắc Đẩu,Upcom
SBF,Công ty Cổ phần Quản lý quỹ Sabeco,OTC
SBIC,Tổng Công ty Công nghiệp Tàu thủy Việt nam,OTC
SBL,Công ty Cổ phần Bia Sài Gòn - Bạc Liêu,Upcom
SBS,Công ty Cổ phần Chứng khoán Ngân hàng Sài Gòn Thương Tín,Upcom
SBT,Công ty cổ phần Mía đường Thành Thành Công Tây Ninh,HSX
SBVN,CTCP Siam Brothers Việt Nam,OTC
SC5,Công ty Cổ phần Xây dựng số 5 ,HSX
SCB,Ngân hàng Thương mại Cổ phần Sài Gòn,OTC
SCC,Công ty Cổ phần Đầu tư Thương mại Hưng Long tỉnh Hòa Bình,Upcom
SCD,Công ty Cổ phần Nước giải khát Chương Dương,HSX
SCH,CTCP Thủy điện Sông chảy 5,Upcom
SCI,Công ty Cổ phần Xây dựng và Đầu tư Sông Đà 9,HNX
SCIC,Tổng Công ty Đầu tư và Kinh doanh vốn Nhà nước,OTC
SCID,Công ty cổ phần Đầu tư Phát triển Saigon Co-op,OTC
SCJ,Công ty Cổ phần Xi măng Sài Sơn,HNX
SCL,Công ty Cổ phần Sông Đà Cao Cường,HNX
SCO,Công ty Cổ phần Công nghiệp Thủy sản,Upcom
SCR,Công ty Cổ phần Địa ốc Sài Gòn Thương Tín,HSX
SCSC,Công ty cổ phần Dịch vụ Hàng hóa Sài Gòn,OTC
SD1,Công ty Cổ phần Sông Đà 1,Upcom
SD2,Công ty Cổ phần Sông Đà 2,HNX
SD3,Công ty Cổ phần Sông Đà 3,Upcom
SD4,Công ty Cổ phần Sông Đà 4,HNX
SD5,Công ty Cổ phần Sông Đà 5,HNX
SD6,Công ty Cổ phần Sông Đà 6,HNX
SD7,Công ty Cổ phần Sông Đà 7,HNX
SD8,Công ty Cổ phần Sông Đà 8,Upcom
SD9,Công ty Cổ phần Sông Đà 9,HNX
SDA,Công ty Cổ phần Simco Sông Đà,HNX
SDB,Công ty Cổ phần Sông Đà 207,Upcom
SDC,Công ty Cổ phần Tư vấn Sông Đà,HNX
SDD,Công ty Cổ phần Đầu tư và Xây lắp Sông Đà,HNX
SDE,Công ty cổ phần Kỹ thuật Điện Sông Đà,HNX
SDF,Công ty Tài chính cổ phần Sông Đà,Upcom
SDG,Công ty Cổ phần Sadico Cần Thơ,HNX
SDH,Công ty Cổ phần Xây dựng hạ tầng Sông Đà,HNX
SDHL,Công ty cổ phần Thủy điện Sông Đà - Hoàng Liên,OTC
SDI,Công ty cổ phần Đầu tư và Phát triển Đô thị Sài Đồng,Upcom
SDJ,Công ty Cổ phần Sông Đà 25,Upcom
SDK,Công ty Cổ phần Cơ khí Luyện kim,Upcom
SDN,Công ty Cổ phần Sơn Đồng Nai,HNX
SDP,Công ty cổ phần Đầu tư và Thương mại Dầu khí Sông Đà,HNX
SDS,Công ty Cổ phần Xây lắp và Đầu tư Sông Đà,HNX
SDT,Công ty Cổ phần Sông Đà 10,HNX
SDU,Công ty Cổ phần Đầu tư Xây dựng và Phát triển Đô thị Sông Đà,HNX
SDV,Công ty Cổ phần Dịch vụ Sonadezi,Upcom
SDX,CTCP Phòng cháy chữa cháy và Đầu tư Xây dựng Sông Đà,Upcom
SDY,Công ty Cổ phần Xi măng Sông Đà Yaly,HNX
SEA,Tổng công ty Thủy sản Việt Nam – CTCP,Upcom
SEAPRIMEXCO,Công ty cổ phần Thuỷ sản Cà Mau,OTC
SEB,Công ty Cổ phần Đầu tư và Phát triển Điện miền Trung,HNX
SEC,Công ty Cổ phần Mía đường Nhiệt điện Gia Lai,HSX
SED,Công ty Cổ phần Đầu tư và Phát triển giáo dục Phương Nam,HNX
SEL,Công ty Cổ phần Sông Đà 11 Thăng Long,HNX
SEP,Công ty Cổ phần Tổng Công ty Thương mại Quảng Trị,Upcom
SEV,Công ty TNHH Samsung Electronics Việt Nam,OTC
SFC,Công ty Cổ phần Nhiên liệu Sài Gòn,HSX
SFG,Công ty Cổ phần Phân bón Miền Nam,HSX
SFI,Công ty Cổ phần Đại lý Vận tải SAFI,HSX
SFN,Công ty Cổ phần Dệt lưới Sài Gòn,HNX
SFT,CÔNG TY CỔ PHẦN SOFTECH,Upcom
SGC,Công ty Cổ phần Xuất nhập khẩu Sa Giang ,HNX
SGD,Công ty cổ phần Sách Giáo dục tại T.P Hồ Chí Minh,HNX
SGH,Công ty Cổ phần Khách sạn Sài Gòn,HNX
SGHP,CTCP Cảng Sài Gòn - Hiệp Phước,OTC
SGIX,CTCP Đầu tư Sài Gòn,OTC
SGN,Công ty cổ phần Phục vụ Mặt đất Sài Gòn ,Upcom
SGNF,Công ty TNHH Thực phẩm Dinh Dưỡng Sài Gòn,OTC
SGO,Công ty cổ phần Dầu thực vật Sài Gòn,HNX
SGP,Công ty Cổ phần Cảng Sài Gòn,Upcom
SGR,Công ty cổ phần Địa ốc Sài Gòn,Upcom
SGS,Công ty Cổ phần Vận tải biển Sài Gòn,Upcom
SGT,Công ty Cổ phần Công nghệ Viễn thông Sài Gòn,HSX
SGVW,Công ty TNHH Saigon Ve Wong,OTC
SHA,Công ty Cổ phần Sơn Hà Sài Gòn,HSX
SHB,Ngân hàng Thương mại cổ phần Sài Gòn - Hà Nội,HNX
SHBS,Công ty Cổ phần Chứng khoán SHB,OTC
SHC,Công ty Cổ phần Hàng Hải Sài Gòn,HNX
SHERATONSG,Công ty Liên doanh Đại Dương,OTC
SHF,Công ty cổ phần Quản lý quỹ Đầu tư Sài Gòn - Hà Nội,OTC
SHG,Tổng Công ty Cổ phần Sông Hồng,Upcom
SHI,Công ty cổ phần Quốc tế Sơn Hà,HSX
SHN,Công ty Cổ phần Đầu tư Tổng hợp Hà Nội,HNX
SHP,Công ty cổ phần Thủy điện Miền Nam,HSX
SHS,Công ty Cổ phần Chứng Khoán Sài Gòn Hà Nội,HNX
SHV,Công ty Cổ phần Hải Việt,Upcom
SHX,CTCP Sài Gòn Hỏa xa,Upcom
SIC,Công ty cổ phần Đầu tư - Phát triển Sông Đà,HNX
SID,Công ty Cổ phần Đầu tư Phát triển Sài Gòn Co.op,Upcom
SII,Công ty cổ phần Hạ tầng nước Sài Gòn,HSX
SJ1,Công ty Cổ phần Nông Nghiệp Hùng Hậu,HNX
SJC,Công ty Cổ phần Sông Đà 1.01,HNX
SJCS,Công ty Cổ phần Chứng khoán SJC,OTC
SJCX,Công ty TNHH MTV Vàng bạc đá quý Sài Gòn,OTC
SJD,Công ty Cổ phần Thủy điện Cần Đơn,HSX
SJE,Công ty Cổ phần Sông Đà 11,HNX
SJF,CTCP Đầu tư Sao Thái Dương,HSX
SJM,Công ty Cổ phần Sông Đà 19,Upcom
SJS,Công ty Cổ phần Đầu tư Phát triển Đô thị và Khu Công nghiệp Sông Đà,HSX
SKG,Công ty Cổ phần Tàu cao tốc Superdong – Kiên Giang,HSX
SKS,Công ty cổ phần Công trình Giao thông Sông Đà,HNX
SLC,CTCP Dịch vụ xuất khẩu lao động và chuyên gia,Upcom
SLS,Công ty cổ phần Mía đường Sơn La,HNX
SMA,Công ty Cổ phần Thiết bị Phụ tùng Sài Gòn,HSX
SMB,Công ty Cổ phần Bia Sài Gòn - Miền Trung,Upcom
SMC,Công ty Cổ phần Ðầu tư Thương mại SMC,HSX
SME,Công ty Cổ phần Chứng khoán SME,HNX
SMN,Công ty Cổ phần Sách và Thiết bị Giáo dục Miền Nam,HNX
SMT,Công ty cổ phần Vật liệu Điện và Viễn thông Sam Cường,HNX
SNC,Công ty Cổ phần Xuất nhập khẩu Thuỷ sản Năm Căn,Upcom
SNG,Công ty TNHH MTV Sông Đà 10.1,HNX
SNP,Công ty TNHH MTV - Tổng Công ty Tân Cảng Sài Gòn,OTC
SNTB,CTCP Thương Mại Bia Sài Gòn Nam Trung Bộ,OTC
SONADEZI,Tổng Công ty Phát triển Khu công nghiệp,OTC
SONGDA,Tổng Công ty Sông Đà,OTC
SONGLONG,Công ty TNHH Song Long,OTC
SONGTHU,Tổng Công ty Sông Thu - BQP,OTC
SOSAL,CTCP Tập đoàn muối Miền Nam,OTC
SOVICO,Công ty cổ phần Sovico,OTC
SP2,CTCP Thủy điện Sử Pán 2,Upcom
SPA,Công ty Cổ Phần Bao bì Sài Gòn,Upcom
SPB,CTCP Sợi Phú Bài,Upcom
SPC,Công ty Cổ phần Bảo vệ Thực vật Sài Gòn,Upcom
SPCT,Công ty Cảng Container Trung tâm Sài Gòn,OTC
SPD,Công ty Cổ phần Xuất nhập khẩu Thủy sản Miền Trung,Upcom
SPH,Công ty cổ phần Xuất nhập khẩu Thủy sản Hà Nội,Upcom
SPI,Công ty cổ phần Đá Spilít,HNX
SPM,Công ty Cổ phần S.P.M,HSX
SPP,Công ty cổ phần Bao bì Nhựa Sài Gòn,HNX
SPPSA,Công ty TNHH Cảng Quốc tế SP - PSA,OTC
SPT,Công ty cổ phần Dịch vụ Bưu chính Viễn thông Sài Gòn,OTC
SPV,Công ty cổ phần Thủy Đặc Sản,Upcom
SQC,Công ty Cổ phần Khoáng sản Sài Gòn - Quy Nhơn,Upcom
SRA,Công ty Cổ phần Sara Việt Nam,HNX
SRB,Công ty Cổ phần Tập đoàn Sara,Upcom
SRC,Công ty Cổ phần Cao Su Sao Vàng,HSX
SRF,Công ty Cổ phần Kỹ Nghệ Lạnh,HSX
SRT,Công ty Cổ phần Vận tải Đường sắt Sài Gòn,Upcom
SSC,Công ty Cổ phần Giống cây trồng Miền Nam ,HSX
SSF,Công ty Cổ phần Giầy Sài Gòn,Upcom
SSG,Công ty Cổ phần Vận tải biển Hải Âu,Upcom
SSGG,Công ty Cổ phần Tập đoàn SSG,OTC
SSI,Công ty cổ phần Chứng khoán Sài Gòn,HSX
SSIAM,Công ty TNHH Quản lý quỹ SSI,OTC
SSIT,Công ty Liên doanh Dịch vụ Container Quốc tế Cảng Sài Gòn - SSA,OTC
SSM,Công ty Cổ phần Chế tạo Kết cấu Thép VNECO.SSM,HNX
SSN,Công ty Cổ phần Xuất nhập khẩu Thủy sản Sài Gòn,Upcom
SSS,Công ty Cổ phần Sông Đà 6.06,HNX
SST,CTCP Thương mại Bia Sài Gòn Sông Tiền,OTC
SSU,CTCP Môi trường Đô thị Sóc Sơn,Upcom
ST8,Công ty Cổ phần Siêu Thanh ,HSX
STAPIMEX,CTCP Thuỷ sản Sóc Trăng,OTC
STB,Ngân hàng Thương mại Cổ phần Sài Gòn Thương Tín,HSX
STC,Công ty Cổ phần Sách và Thiết bị trường học Tp. Hồ Chí Minh,HNX
STG,Công ty Cổ phần Kho vận Miền Nam,HSX
STJ,Công ty Cổ phần Vận tải Sonadezi,OTC
STK,Công ty cổ phần Sợi Thế Kỷ,HSX
STL,Công ty cổ phần Sông Đà - Thăng Long,Upcom
STP,Công ty Cổ phần Công nghiệp Thương mại Sông Đà,HNX
STS,Công ty Cổ phần Dịch vụ Vận tải Sài Gòn,Upcom
STSC,Công ty Cổ phần Chứng khoán SÀI GÒN TOURIST,OTC
STT,Công ty cổ phần Vận chuyển Sài Gòn Tourist,HSX
STU,Công ty Cổ phần Môi trường và Công trình Đô thị Sơn Tây,Upcom
STV,Công ty cổ phần Chế tác Đá Việt Nam,Upcom
SUNHOUSE,CTCP Tập đoàn Sunhouse,OTC
SUNTORYPEPSICO,Công ty TNHH Suntory PepsiCo Việt Nam,OTC
SVC,Công ty Cổ phần Dịch vụ tổng hợp Sài Gòn,HSX
SVG,CTCP Hơi Kỹ nghệ Que hàn,Upcom
SVI,Công ty Cổ phần Bao bì Biên Hòa,HSX
SVIC,Tổng Công ty cổ phần Bảo hiểm SHB - Vinacomin,OTC
SVJ,CTCP Santomas Việt Nam,OTC
SVN,Công ty cổ phần SOLAVINA,HNX
SVS,Công ty Cổ phần Chứng khoán Sao Việt,HNX
SVT,Công ty Cổ phần Công nghệ Sài Gòn Viễn Đông,HSX
SWC,Tổng Công ty Cổ phần Đường Sông Miền Nam,Upcom
SYNCAP,Công ty Cổ phần Quản lý quỹ Hợp Lực Việt Nam,OTC
SZB,Công ty cổ phần Sonadezi Long Bình,OTC
SZC,Công ty cổ phần Sonadezi Châu Đức,HSX
SZE,Công ty Cổ phần Môi trường Sonadezi,Upcom
SZL,Công ty cổ phần Sonadezi Long Thành,HSX
TA9,Công ty Cổ phần Xây lắp Thành An 96,HNX
TAC,Công ty Cổ phần Dầu Thực vật Tường An,HSX
TAEL,TAEL Partners,OTC
TAFM,Công ty Cổ phần Quản lý quỹ Đầu tư Nhân Việt,OTC
TAG,Công ty Cổ phần Thế giới số Trần Anh,HNX
TANISUGAR,CTCP Mía đường Tây Ninh,OTC
TANMAIPAPER,CTCP Tập đoàn Tân Mai,OTC
TAP,Công ty cổ phần Đô thị Tân An,Upcom
TAS,Công ty Cổ phần Chứng khoán Tràng An,HNX
TAW,CTCP Cấp nước Trung An,Upcom
TB.CORP,Công ty Cổ phần Thanh Bình,OTC
TB8,CTCP Sản xuất và Kinh doanh Vật tư Thiết bị - VVMI,Upcom
TBC,Công ty cổ phần Thủy điện Thác Bà,HSX
TBD,Tổng Công ty Thiết bị Điện Đông Anh - Công ty Cổ phần,Upcom
TBR,Công ty Cổ phần Địa ốc Tân Bình,OTC
TBSG,CTCP Đầu tư Thái Bình,OTC
TBT,Công ty Cổ phần Xây dựng Công trình Giao thông Bến Tre,Upcom
TBX,Công ty Cổ phần Xi măng Thái Bình,HNX
TC6,Công ty cổ phần Than Cọc Sáu - Vinacomin,HNX
TCB,Ngân hàng TMCP Kỹ Thương Việt Nam (Techcombank),OTC
TCBS,Công ty TNHH Chứng khoán Kỹ Thương,OTC
TCH,Công ty cổ phần Đầu tư Dịch vụ Tài chính Hoàng Huy,HSX
TCIEV,Công ty TNHH TCIE Việt Nam,OTC
TCIT,Công ty TNHH Cảng quốc tế Tân Cảng - Cái Mép,OTC
TCL,Công ty Cổ phần Đại lý Giao nhận Vận tải Xếp dỡ Tân Cảng,HSX
TCLB,Công ty cổ phần ICD Tân Cảng - Long Bình,OTC
TCM,Công ty Cổ phần Dệt may - Đầu tư - Thương mại Thành Công,HSX
TCO,Công ty Cổ phần Vận tải Đa phương thức Duyên Hải,HSX
TCR,Công ty Cổ phần Công nghiệp Gốm sứ Taicera,HSX
TCS,Công ty Cổ phần Than Cao Sơn - TKV,HNX
TCSC,Công ty cổ phần Chứng khoán Thành Công,OTC
TCT,Công ty Cổ phần Cáp treo Núi Bà Tây Ninh ,HSX
TCT15,Tổng Công ty 15,OTC
TCT319,Tổng Công ty 319,OTC
TCT789,Tổng Công ty 789,OTC
TCXM,Công ty Tài chính cổ phần Xi măng,OTC
TDC,Công ty Cổ phần Kinh doanh và Phát triển Bình Dương,HSX
TDH,Công ty Cổ phần Phát triển Nhà Thủ Đức,HSX
TDL,CTCP Da Tây Đô ,OTC
TDM,CTCP Nước Thủ Dầu Một,Upcom
TDN,Công ty Cổ phần Than Đèo Nai - Vinacomin ,HNX
TDS,Công ty cổ phần Thép Thủ Đức - Vnsteel,Upcom
TDSC,CTCP Tư Vấn Thiết Kế Giao Thông Vận Tải Phía Nam ,OTC
TDW,Công ty Cổ phần Cấp nước Thủ Đức,HSX
TECHCAPITAL,Công ty TNHH Quản lý quỹ Kỹ Thương,OTC
TEDI,Tổng Công ty Tư vấn Thiết kê Giao thông Vận tải - CTCPP,OTC
TEG,Công ty cổ phần Bất động sản và Xây dựng Trường Thành,HNX
TEMASEK,Temasek Holdings,OTC
TEMPLETON,Franklin Templeton Investments,OTC
TET,Công ty Cổ phần Vải sợi May mặc Miền Bắc,HNX
TFC,Công ty Cổ phần Trang,HNX
TGP,Công ty Cổ phần Trường Phú,Upcom
TH1,Công ty Cổ phần Xuất nhập khẩu Tổng hợp I Việt Nam,HNX
THA,Công ty cổ phần Ô tô Trường Hải ,OTC
THAIDUONGCAPITAL,Công ty Cổ phần Quản lý Quỹ Đầu tư Chứng khoán Thái Dương,OTC
THALEXIM,Tổng Công ty Thương mại XNK Thanh Lễ - TNHH MTV,OTC
THANGLONG,Tổng Công ty Thăng Long - CTCP,OTC
THANHAN11,Tổng Công ty Thành An (Binh đoàn 11),OTC
THB,Công ty cổ phần Bia Thanh Hóa,HNX
THFI,Công ty cổ phần Đầu tư Tài chính Thiên Hóa,OTC
THG,Công ty Cổ phần Đầu tư và Xây dựng Tiền Giang,HSX
THMILK,CTCP Sữa TH,OTC
THMILKFOOD,CTCP Thực phẩm sữa TH,OTC
THPG,Công ty TNHH Thương mại - Dịch vụ Tân Hiệp Phát,OTC
THQTRADING,Công ty TNHH Thương mại Trần Hồng Quân,OTC
THR,CTCP Đường sắt Thuận Hải,OTC
THS,Công ty cổ phần Thanh Hoa - Sông Đà,HNX
THT,Công ty cổ phần Than Hà Tu - Vinacomin,HNX
THUANPHUOC,CTCP Thủy sản và Thương mại Thuận Phước,OTC
THV,Công ty Cổ phần Tập đoàn Thái Hòa Việt Nam,HNX
THW,Công ty cổ phần Cấp nước Tân Hòa,Upcom
TIC,Công ty Cổ phần Đầu tư Điện Tây Nguyên ,HSX
TIE,Công ty Cổ phần TIE,HSX
TIG,Công ty Cổ phần Tập đoàn Đầu tư Thăng Long,HNX
TINNGHIA,Công ty cổ phần Tổng công ty Tín Nghĩa,OTC
TIP,Công ty cổ phần Phát triển Khu Công nghiệp Tín Nghĩa,HSX
TIS,Công ty cổ phần Gang thép Thái Nguyên,Upcom
TIX,CTCP Sản xuất Kinh doanh Xuất nhập khẩu Dịch vụ và Đầu tư Tân Bình,HSX
TJC,Công ty cổ phần Dịch vụ Vận tải và Thương mại,HNX
TKC,Công ty Cổ phần Xây dựng và Kinh doanh Địa ốc Tân Kỷ,HNX
TKSC,Công ty Cổ phần Chứng khoán TONKIN,OTC
TKU,Công ty Cổ phần Công nghiệp Tung Kuang,HNX
TL4,Tổng công ty Xây dựng Thủy lợi 4 - CTCP,Upcom
TLC,Công ty Cổ phần Viễn thông Thăng Long,HNX
TLG,Công ty Cổ phần Tập đoàn Thiên Long,HSX
TLH,Công ty Cổ phần Tập đoàn Thép Tiến Lên,HSX
TLMC,Công ty Cổ phần Quản lý quỹ Thăng Long,OTC
TLMECO,Công ty cổ phần Cơ khí 4 và xây dựng Thăng Long,OTC
TLT,Công ty Cổ phần Viglacera Thăng Long,Upcom
TMB,Công ty Cổ phần Kinh doanh than Miền Bắc - Vinacomin,HNX
TMC,Công ty Cổ phần Thương mại - Xuất nhập khẩu Thủ Đức,HNX
TMD,Công ty cổ phần Thương mại và Đại lý dầu tỉnh Bà Rịa-Vũng Tàu,OTC
TMG,Công ty Cổ phần Kim loại màu Thái Nguyên - Vimico,Upcom
TMHG,Công ty TNHH Thương mại và Dịch vụ Khách sạn Tân Hoàng Minh,OTC
TMP,Công ty cổ phần Thủy điện Thác Mơ,HSX
TMS,Công ty Cổ phần Transimex,HSX
TMT,Công ty Cổ phần Ô tô TMT,HSX
TMW,Công ty Cổ phần Tổng hợp Gỗ Tân Mai,Upcom
TMX,Công ty cổ phần VICEM Thương mại Xi măng,HNX
TNA,Công ty Cổ phần Thương mại Xuất nhập khẩu Thiên Nam ,HSX
TNB,Công ty Cổ phần Thép Nhà Bè - VNSTEEL,Upcom
TNC,Công ty Cổ phần Cao su Thống Nhất,HSX
TND,CTCP Than Tây Nam Đá Mài - Vinacomin,Upcom
TNFS,Công ty cổ phần Thép Tấm Lá Thống Nhất,OTC
TNG,Công ty Cổ phần Đầu tư và Thương mại TNG,HNX
TNI,Công ty cổ phần Tập đoàn Thành Nam,OTC
TNM,Công ty Cổ phần Xuất nhập khẩu và Xây dựng Công trình,Upcom
TNP,Công ty cổ phần Cảng Thị Nại,Upcom
TNS,Công ty Cổ phần Thép Tấm lá Thống Nhất,Upcom
TNT,Công ty Cổ phần Tài nguyên,HSX
TNTGROUP,CTCP Tập đoàn T&T,OTC
TNY,Công ty Cổ phần Đầu tư Xây dựng Thanh niên,Upcom
TOP,CTCP Phân phối Top One,Upcom
TOYOTAVN,Công ty Ô tô Toyota Việt Nam,OTC
TPC,Công ty Cổ phần Nhựa Tân Đại Hưng,HSX
TPCVINA,Công ty TNHH Nhựa và Hóa chất TPC Vina,OTC
TPH,Công ty Cổ phần In Sách giáo khoa tại T.P Hà Nội,HNX
TPHC,Công ty Cổ phần Quản lý Quỹ Tín Phát,OTC
TPLS,CTCP Thương mại Vận tải biển Trường Phát Lộc,OTC
TPP,Công ty Cổ phần Nhựa Tân Phú,HNX
TPS,CTCP Bến bãi Vận tải Sài Gòn,Upcom
TQN,Công ty Cổ phần Thông Quảng Ninh,Upcom
TRA,Công ty Cổ phần TRAPHACO,HSX
TRAFUCO,CTCP Cơ điện Trần Phú,OTC
TRC,Công ty Cổ phần Cao su Tây Ninh,HSX
TRI,Công ty Cổ phần Nước giải khát Sài Gòn,HSX
TRS,CTCP Vận tải và Dịch vụ Hàng hải ,Upcom
TRUNGNGUYEN,CTCP Tập đoàn Trung Nguyên,OTC
TRUONGSON,Tổng Công ty Xây dựng Trường Sơn,OTC
TS4,Công ty cổ phần Thủy sản số 4,HSX
TSB,Công ty Cổ phần Ắc quy Tia sáng ,HNX
TSC,Công ty Cổ phần Vật tư kỹ thuật Nông nghiệp Cần Thơ,HSX
TSH,Công ty Cổ phần Tiên Sơn Thanh Hóa,OTC
TSM,Công ty Cổ phần Xi măng Tiên Sơn Hà Tây,HNX
TSNCARGO,Công ty TNHH Dịch vụ Hàng hóa Tân Sơn Nhất,OTC
TSS,Công ty Cổ phần Chứng khoán TRƯỜNG SƠN,OTC
TST,Công ty Cổ phần Dịch vụ Kỹ thuật Viễn thông,HNX
TTB,Công ty cổ phần Tập đoàn Tiến Bộ,HNX
TTC,Công ty Cổ phần Gạch men Thanh Thanh ,HNX
TTCG,CTCP Đầu tư Thành Thành Công,OTC
TTD,Công ty Cổ phần Bệnh viện Tim Tâm Đức,Upcom
TTF,Công ty Cổ phần Tập đoàn Kỹ nghệ Gỗ Trường Thành,HSX
TTG,Công ty Cổ phần May Thanh Trì,Upcom
TTH,Công ty cổ phần Thương Mại và Dịch Vụ Tiến Thành,HNX
TTIPC,Công ty TNHH MTV Phát triển Công nghiệp Tân Thuận,OTC
TTP,Công ty Cổ phần Bao bì Nhựa Tân Tiến,Upcom
TTR,Công ty Cổ phần Du lịch Thương mại và Đầu tư ,Upcom
TTT,CTCP Du lịch – Thương mại Tây Ninh,OTC
TTV,CTCP Thông tin Tín hiệu Đường sắt Vinh,Upcom
TTZ,Công ty cổ phần Đầu tư Xây dựng và Công nghệ Tiến Trung,HNX
TUANLOC,CTCP Đầu tư Xây dựng Tuấn Lộc,OTC
TUG,Công ty Cổ phần Lai dắt và Vận tải Cảng Hải Phòng,Upcom
TV1,Công ty cổ phần Tư vấn Xây dựng Điện 1,HSX
TV2,Công ty Cổ phần Tư vấn Xây dựng Điện 2,HNX
TV3,Công ty Cổ phần Tư vấn Xây dựng Điện 3,HNX
TV4,Công ty Cổ phần Tư vấn Xây dựng Điện 4,HNX
TVB,Công ty cổ phần Chứng khoán Trí Việt,Upcom
TVC,Công ty cổ phần Quản lý Đầu tư Trí Việt,HNX
TVD,Công ty cổ phần Than Vàng Danh - Vinacomin,HNX
TVG,Công ty cổ phần Tư vấn Đầu tư và Xây dựng Giao thông Vận tải,Upcom
TVM,CTCP Tư vấn Đầu tư Mỏ và Công nghiệp - Vinacomin,Upcom
TVMC,Công ty Cổ phần Quản lý quỹ Đầu tư Thành Việt,OTC
TVN,Tổng Công ty Thép Việt Nam - CTCP,Upcom
TVP,Công ty cổ phần Dược phẩm TV.Pharm,OTC
TVS,Công ty Cổ phần Chứng khoán Thiên Việt,HSX
TVSI,Công ty Cổ phần Chứng khoán Tân Việt,OTC
TVU,Công ty cổ phần Công trình Đô thị Trà Vinh,Upcom
TW3,CTCP Dược Trung ương 3,Upcom
TXM,Công ty cổ phần VICEM Thạch cao Xi măng,HNX
TYA,Công ty Cổ phần Dây và Cáp điện Taya Việt Nam ,HSX
UAMC,Công ty Cổ phần Cơ khí Ôtô Uông Bí,OTC
UCT,Công ty Cổ phần Đô thị Cần Thơ,Upcom
UDC,Công ty cổ phần Xây dựng và Phát triển Đô thị tỉnh Bà Rịa-Vũng Tàu,HSX
UDIC,Tổng Công ty Đầu tư Phát triển Hạ tầng Đô thị,OTC
UDJ,Công ty Cổ phần Phát triển Đô thị,Upcom
UEM,CTCP Cơ điện Uông Bí- Vinacomin,Upcom
UIC,Công ty Cổ phần Đầu tư Phát triển Nhà và Đô thị Idico,HSX
UNI,Công ty Cổ phần Viễn Liên,HNX
UNIPRESIDENT,Công ty TNHH Uni-President Việt Nam,OTC
UNIX,CTCP Đầu tư U&I,OTC
UPC,CTCP Phát triển Công viên cây xanh và Đô thị Vũng Tàu ,Upcom
UPH,CTCP Dược phẩm TW25,Upcom
USC,Công ty Cổ phần Khảo sát và Xây dựng - USCO,Upcom
UXC,CTCP Chế biến Thủy sản Út Xi,OTC
V11,Công ty Cổ phần Xây dựng số 11,Upcom
V12,Công ty Cổ phần Xây dựng số 12,HNX
V15,Công ty Cổ phần Xây dựng Số 15,Upcom
V21,Công ty Cổ phần VINACONEX 21,HNX
VACS,Công ty TNHH MTV Suất ăn hàng không Việt Nam,OTC
VAF,Công ty cổ phần Phân lân nung chảy Văn Điển,HSX
VALC,CTCP Cho thuê máy bay Việt Nam,OTC
VANTHINHPHAT,CTCP Tập đoàn Đầu tư Vạn Thịnh Phát,OTC
VASS,Công ty cổ phần Bảo hiểm Viễn Đông,OTC
VAT,Công ty Cổ phần VT Vạn Xuân,HNX
VATGIA,CTCP Vật Giá Việt Nam,OTC
VATM,Tổng Công ty Quản lý bay Việt Nam,OTC
VBC,Công ty Cổ phần Nhựa Bao bì Vinh,HNX
VBH,Công ty Cổ phần Điện tử Bình Hòa,HNX
VBL,Công ty TNHH Nhà máy Bia Việt Nam,OTC
VC1,Công ty Cổ phần Xây dựng số 1,HNX
VC2,Công ty Cổ phần Xây dựng số 2,HNX
VC3,Công ty Cổ phần Xây dựng số 3,HNX
VC5,Công ty Cổ phần Xây dựng số 5,Upcom
VC6,Công ty Cổ phần Vinaconex 6,HNX
VC7,Công ty Cổ phần Xây dựng số 7,HNX
VC9,Công ty Cổ phần Xây dựng số 9,HNX
VCA,Công ty Cổ phần Thép VICASA - VNSTEEL,Upcom
VCAM,Công ty Cổ phần Chứng khoán Bản Việt,OTC
VCB,Ngân hàng Thương mại cổ phần Ngoại thương Việt Nam,HSX
VCBF,Công ty Liên doanh Quản lý quỹ đầu tư chứng khoán Vietcombank,OTC
VCBS,Công ty TNHH Chứng khoán Ngân hàng Thương mại Cổ phần Ngoại thương Việt Nam,OTC
VCC,Công ty Cổ phần Vinaconex 25,HNX
VCCORP,Công ty cổ phần VCCorp,OTC
VCE,CTCP Xây lắp Môi trường - TKV,Upcom
VCF,Công ty Cổ phần VinaCafé Biên Hòa,HSX
VCFC,Công ty Tài chính cổ phần Hóa chất Việt Nam,OTC
VCG,Tổng Công ty Cổ phần Xuất nhập khẩu và Xây dựng Việt Nam,HNX
VCGPVF,Forum One - VCG Partners Vietnam Fund,Upcom
VCH,Công ty Cổ phần Đầu tư và Phát triển Hạ tầng Vinaconex,HNX
VCM,Công ty Cổ phần Nhân lực và Thương mại Vinaconex,HNX
VCMC,Công ty Cổ phần Quản lý quỹ đầu tư chứng khoán Chiến Thắng,OTC
VCP,Công ty cổ phần Đầu tư xây dựng và phát triển năng lượng Vinaconex,Upcom
VCR,Công ty Cổ phần Đầu tư và Phát triển Du lịch Vinaconex,HNX
VCS,Công ty cổ phần Đá thạch anh cao cấp VCS,HNX
VCSC,Công ty cổ phần Chứng khoán Bản Việt,OTC
VCT,Công ty Cổ phần Tư vấn Xây dựng Vinaconex,Upcom
VCV,Công ty Cổ phần Vận tải Vinaconex,HNX
VCVNI,VinaCapital Vietnam Infrastructure Ltd,OTC
VCVNL,VinaCapital Vinaland Ltd,OTC
VCVOF,VinaCapital Vietnam Opportunity Fund,OTC
VCW,Công ty Cổ phần Nước sạch Vinaconex,Upcom
VCX,Công ty Cổ phần Xi măng Yên Bình,Upcom
VDFM,Công ty Cổ phần Quản lý quỹ đầu tư Chứng khoán Việt Long,OTC
VDL,Công ty Cổ phần Thực phẩm Lâm Đồng,HNX
VDN,Công ty Cổ phần Vinatex Đà Nẵng,Upcom
VDP,Công ty Cổ phần Dược phẩm Trung ương VIDIPHA,OTC
VDS,Công ty Cổ phần Chứng khoán Rồng Việt,HNX
VDSE,Công ty Cổ phần Chứng khoán Viễn Đông,OTC
VDT,Công ty cổ phần Lưới thép Bình Tây,Upcom
VE1,Công ty Cổ phần Xây dựng điện VNECO 1,HNX
VE2,Công ty cổ phần Xây dựng điện VNECO 2,HNX
VE3,Công ty cổ phần Xây dựng điện VNECO 3,HNX
VE4,Công ty Cổ phần Xây dựng điện VNECO4,HNX
VE8,Công ty cổ phần Xây dựng điện VNECO 8,HNX
VE9,Công ty Cổ phần Đầu tư và xây dựng VNECO 9,HNX
VEAM,Tổng Công ty Máy động lực và máy nông nghiệp Việt Nam,OTC
VECX,Tổng Công ty Đầu tư phát triển đường cao tốc Việt Nam,OTC
VED,Công ty cổ phần Phát triển Thể thao Điện tử Việt Nam,OTC
VEDAN,CTCP Hữu hạn Vedan Việt Nam,OTC
VEE,Công ty Cổ phần Thiết bị điện Cẩm Phả,Upcom
VEF,CTCP Trung tâm Hội chợ Triển lãm Việt Nam,Upcom
VEGETEXCO,Tổng Công ty Rau quả Nông sản - CTCP,OTC
VEIC,Tổng Công ty cổ phần Điện tử và Tin học Việt Nam,OTC
VES,Công ty Cổ phần Đầu tư và Xây dựng điện Mê Ca Vneco,Upcom
VFC,Công ty Cổ phần VINAFCO ,Upcom
VFCINC,Công ty Cổ phần Quản lý quỹ Việt Cát,OTC
VFG,Công ty Cổ phần Khử trùng Việt Nam,HSX
VFM,Công ty Cổ phần Quản lý quỹ Đầu tư Việt Nam,OTC
VFMVF1,Quỹ Đầu tư Chứng khoán Việt Nam ,HSX
VFMVF4,Quỹ đầu tư Doanh nghiệp Hàng đầu Việt Nam,HSX
VFMVFA,Quỹ Đầu tư Năng động Việt Nam,HSX
VFMVN30,Quỹ ETF VFMVN30,HSX
VFR,Công ty Cổ phần Vận tải và Thuê tàu,HNX
VFS,Công ty Cổ phần Chứng khoán NHẤT Việt,OTC
VFW,Công ty Cổ phần Quản lý quỹ Lộc Việt,OTC
VGC,Tổng Công ty Viglacera - CTCP,HNX
VGG,Tổng Công ty cổ phần May Việt Tiến,Upcom
VGL,CTCP Mạ kẽm công nghiệp Vingal - Vnsteel,Upcom
VGP,Công ty Cổ phần Cảng Rau quả,HNX
VGS,Công ty Cổ phần Ống thép Việt Đức VG PIPE,HNX
VGT,Tập đoàn Dệt may Việt Nam,Upcom
VHC,Công ty Cổ phần Vĩnh Hoàn,HSX
VHF,Công ty Cổ phần Xây dựng và Chế biến lương thực Vĩnh Hà,Upcom
VHG,Công ty Cổ phần Đầu tư Cao Su Quảng Nam,HSX
VHH,Công ty cổ phần Đầu tư Kinh doanh nhà Thành Đạt,Upcom
VHL,Công ty Cổ phần Viglacera Hạ Long,HNX
VHW,CTCP Nước Khoáng Vĩnh Hảo,OTC
VIA,Công ty Cổ phần VIAN,Upcom
VIB,Ngân hàng Thương mại cổ phần Quốc tế Việt Nam,Upcom
VIC,Tập đoàn Vingroup - Công ty Cổ phần,HSX
VIC11501,Trái phiếu Vingroup 062015,HSX
VIC11504,Trái phiếu VIC11201802,HSX
VICEM,Tổng Công ty Công nghiệp Xi măng Việt Nam,OTC
VICOTEX,Tổng Công ty Việt Thắng - CTCP,OTC
VICT,Công ty Liên doanh Phát triển Tiếp vận số 1,OTC
VID,Công ty Cổ phần Đầu tư Phát triển Thương mại Viễn Đông,HSX
VIDGROUP,Tập đoàn Đầu tư Phát triển Việt Nam,OTC
VIDIFI,Tổng Công ty Phát triển hạ tầng và đầu tư tài chính Việt Nam,OTC
VIE,Công ty Cổ phần Công nghệ Viễn thông VITECO ,HNX
VIENTHONGA,Công ty cổ phần Sản xuất-Thương mại-Xuất nhập khẩu Viễn thông A,OTC
VIETHA,Công ty TNHH MTV Đầu tư Việt Hà,OTC
VIETRACIMEX,Tổng Công ty cổ phần Thương mại Xây dựng,OTC
VIETSOVPETRO,Liên doanh Việt - Nga Vietsovpetro,OTC
VIETTEL,Tập đoàn Viễn thông Quân đội (Viettel),OTC
VIETTELPOST,Tổng CTCP Bưu chính Viettel,OTC
VIETTELSTORE,Công ty TNHH NN MTV Thương mại và XNK Viettel,OTC
VIF,Tổng Công ty Lâm nghiệp Việt Nam - CTCP,Upcom
VIFON,CTCP Kỹ nghệ thực phẩm Việt Nam,OTC
VIG,Công ty Cổ phần Chứng khoán Thương mại và Công nghiệp Việt Nam,HNX
VIGECAM,Tổng Công ty Vật tư Nông nghiệp - Công ty TNHH MTV,OTC
VIGROUP,VI (Vietnam Invesments) Group,OTC
VIM,Công ty Cổ phần Khoáng sản Viglacera,Upcom
VIN,CTCP Giao nhận Kho vận Ngoại thương Việt Nam ,Upcom
VINACAFE,Tổng Công ty Cà phê Việt Nam - Công ty TNHH MTV,OTC
VINACAM,CTCP Vinacam,OTC
VINACAP,VinaCapital,OTC
VINACCO,Tổng Công ty Xây dựng Nông nghiệp Việt Nam - CTCP,OTC
VINACHEM,Tập đoàn Hóa chất Việt Nam,OTC
VINACOMIN,Tập đoàn Công nghiệp Than - Khoáng sản Việt nam,OTC
VINAGLOBAL,Công ty Cổ phần Chứng khoán Toàn Cầu,OTC
VINAINCON,Tổng Công ty cổ phần Xây dựng công nghiệp Việt Nam,OTC
VINALINES,Tổng Công ty Hàng hải Việt Nam,OTC
VINAMED,Tổng Công ty Thiết bị Y tế Việt Nam - CTCP,OTC
VINAMOTOR,Tổng Công ty Công nghiệp Ô tô Việt Nam - CTCP,OTC
VINAPACO,Tổng Công ty Giấy Việt Nam,OTC
VINAPHARM,Tổng Công ty Dược Việt Nam - CTCP,OTC
VINASTAR,Công ty TNHH ô tô Mitsubishi Việt Nam,OTC
VINASUGAR1,Tổng Công ty Mía đường I - CTCP,OTC
VINASUGAR2,Tổng Công ty Mía đường II - CTCP,OTC
VINATABA,Tổng Công ty Thuốc lá Việt Nam - Công ty TNHH MTV,OTC
VINATEA,Tổng Công ty Chè Việt Nam,OTC
VINAWACO,Tổng Công ty Xây dựng Đường thủy - CTCP,OTC
VINAWEALTH,Công ty Cổ phần Quản lý Quỹ VINAWEALTH,OTC
VINAXUKI,CTCP Ô tô Xuân Kiên Vinaxuki,OTC
VINECOM,Công ty TNHH VinE-com,OTC
VINMART,CTCP Siêu thị VinMart,OTC
VINMEC,CTCP Bệnh viện Đa khoa Quốc tế Vinmec,OTC
VIP,Công ty Cổ phần Vận tải Xăng dầu VIPCO,HSX
VIPC,Công ty Cổ phần Quản lý Quỹ Đầu tư VIPC,OTC
VIR,Công ty cổ phần Du lịch Quốc tế Vũng Tàu,Upcom
VIS,Công ty Cổ phần Thép Việt Ý,HSX
VISSAI,Công ty TNHH Tập đoàn Hoàng Phát Vissai,OTC
VIT,Công ty Cổ phần Viglacera Tiên Sơn,HNX
VITS,Công ty Cổ phần Chứng khoán VIT,OTC
VIWASEEN,Tổng Công ty Đầu tư Nước và Môi trường Việt Nam - CTCP,OTC
VIX,Công ty cổ phần Chứng khoán IB,HNX
VJC,Công ty cổ phần Hàng không VietJet ,HSX
VKC,Công ty cổ phần Cáp Nhựa Vĩnh Khánh,HNX
VKD,Công ty Cổ phần Nước khoáng Khánh Hòa - FIT Beverage,Upcom
VKP,Công ty Cổ phần Nhựa Tân Hóa,Upcom
VLA,Công ty Cổ phần Đầu tư và Phát triển Công nghệ Văn Lang ,HNX
VLB,CTCP Xây dựng và Sản xuất Vật liệu Xây dựng Biên Hòa,Upcom
VLC,Tổng Công ty Chăn nuôi Việt Nam - CTCP,Upcom
VLD,Công ty Cổ phần Bất Động Sản Viettronics,OTC
VLF,Công ty Cổ phần Lương thực Thực phẩm Vĩnh Long,Upcom
VLG,CTCP Vinalines Logistics - Việt Nam ,Upcom
VMA,Công ty cổ phần Công nghiệp Ô tô – Vinacomin,Upcom
VMC,Công ty Cổ phần Vimeco,HNX
VMD,Công ty cổ phần Y Dược phẩm Vimedimex,HSX
VMEP,Công ty TNHH Chế tạo công nghiệp và gia công chế biến hàng xuất khẩu Việt Nam,OTC
VMG,Công ty Cổ phần Thương mại và Dịch vụ Dầu khí Vũng Tàu,HNX
VMI,Công ty Cổ phần Khoáng sản và Đầu tư VISACO,HNX
VMS,CTCP Phát triển Hàng hải,HNX
VMSN,Tổng Công ty Bảo đảm an toàn hàng hải miền Bắc,OTC
VMSS,Tổng Công ty Bảo đảm an toàn hàng hải miền Nam,OTC
VNA,Công ty Cổ phần Vận tải Biển Vinaship,HSX
VNAC,Công ty Cổ phần Quản lý quỹ Đầu tư Chứng khoán Liên Minh Việt Nam,OTC
VNB,CTCP Sách Việt Nam,Upcom
VNC,Công ty Cổ phần Tập đoàn Vinacontrol,HNX
VNCC,Tổng Công ty Tư vấn Xây dựng Việt Nam - CTCP,OTC
VND,Công ty cổ phần Chứng khoán VNDIRECT,HNX
VNE,Tổng công ty Cổ phần Xây dựng điện Việt Nam ,HSX
VNF,Công ty cổ phần Vinafreight,HNX
VNF1,Tổng Công ty Lương thực Miền Bắc,OTC
VNF2,Công ty TNHH MTV Tổng Công ty Lương thực Miền Nam,OTC
VNG,Công ty Cổ phần Du lịch Thành Thành Công,HSX
VNGX,CTCP VNG,OTC
VNH,Công ty Cổ phần Thủy hải sản Việt Nhật,HSX
VNHELICOPTER,Tổng Công ty Trực thăng Việt Nam - Công ty TNHH,OTC
VNHOLDING,Vietnam Holding Limited,OTC
VNI,Công ty cổ phần Đầu tư Bất động sản Việt Nam,Upcom
VNL,Công ty cổ phần Logistics Vinalink,HSX
VNM,Công ty Cổ phần Sữa Việt Nam ,HSX
VNMETF,Market Vectors Vietnam ETF,OTC
VNN,Công ty cổ phần Đầu tư và Thương mại VNN,Upcom
VNOMAN,Vietnam Oman Investment,OTC
VNP,Công ty cổ phần Nhựa Việt Nam,Upcom
VNPOST,Tổng Công ty Bưu điện Việt Nam,OTC
VNPT,Tập đoàn Bưu chính Viễn thông Việt Nam,OTC
VNR,Tổng Công ty Cổ phần Tái bảo hiểm quốc gia Việt Nam,HNX
VNRAILWAYS,Tổng Công ty Đường sắt Việt Nam,OTC
VNS,Công ty Cổ phần Ánh Dương Việt Nam ,HSX
VNSC,Công ty Cổ phần Chứng khoán VINA,OTC
VNT,Công ty cổ phần Giao nhận Vận tải Ngoại thương,HNX
VNX,Công ty Cổ phần Quảng cáo và Hội chợ Thương mại,Upcom
VNY,Công ty Cổ phần Thuốc Thú y Trung ương I ,Upcom
VOC,Tổng Công ty Công nghiệp Dầu thực vật Việt Nam - CTCP,Upcom
VOS,Công ty Cổ phần Vận tải biển Việt Nam,HSX
VPA,CTCP Vận tải Hóa dầu VP,Upcom
VPB,Ngân hàng Thương mại Cổ phần Việt Nam Thịnh Vượng,OTC
VPBS,Công ty TNHH Chứng khoán Ngân hàng TMCP Việt Nam Thịnh Vượng,OTC
VPC,Công ty Cổ phần Đầu tư và Phát triển Năng lượng Việt Nam,Upcom
VPD,CTCP Phát triển Điện lực Việt Nam,Upcom
VPH,Công ty Cổ phần Vạn Phát Hưng,HSX
VPK,Công ty Cổ phần Bao bì dầu thực vật,HSX
VPL,Công ty TNHH Một thành viên Vinpearl,HSX
VPR,CTCP In và Thương mại Vina,Upcom
VPS,CTCP Thuốc sát trùng Việt Nam,HSX
VQC,Công ty Cổ phần Giám định Vinacomin,Upcom
VQSC,Công ty Cổ phần Chứng khoán Việt Quốc,OTC
VRC,Công ty Cổ phần Xây lắp và Địa ốc Vũng Tàu,HSX
VRG,CTCP Phát triển đô thị và Khu công nghiệp Cao su Việt Nam,Upcom
VRGX,Tập đoàn Công nghiệp Cao su Việt Nam,OTC
VSA,Công ty cổ phần Đại lý Hàng hải Việt Nam ,HNX
VSC,Công ty cổ phần Tập đoàn Container Việt Nam,HSX
VSCS,Công ty Cổ phần Chứng khoán Việt,OTC
VSEC,Công ty Cổ phần Chứng khoán Việt Nam,OTC
VSG,Công ty Cổ phần Container Phía Nam,Upcom
VSH,Công ty Cổ phần Thủy điện Vĩnh Sơn - Sông Hinh,HSX
VSI,Công ty Cổ phần Đầu tư và Xây dựng Cấp thoát nước,HSX
VSIP,Công ty Liên doanh TNHH Khu công nghiệp Việt Nam - Singapore,OTC
VSIV,Công ty cổ phần VS Industry Vietnam,OTC
VSM,Công ty Cổ phần Chứng khoán VSM,OTC
VSN,CTCP Việt Nam Kỹ nghệ Súc sản,Upcom
VSP,Công ty cổ phần Vận tải biển và Bất động sản Việt Hải,Upcom
VST,Công ty Cổ phần Vận tải và Thuê tàu biển Việt Nam,Upcom
VT1,Công ty Cổ phần Vật tư Bến Thành,Upcom
VT8,Công ty Cổ phần Dịch vụ Vận tải ô tô số 8,Upcom
VTA,Công ty Cổ phần Vitaly,Upcom
VTB,Công ty Cổ phần Viettronics Tân Bình,HSX
VTC,Công ty Cổ phần Viễn thông VTC,HNX
VTCC,CTCP Quản lý Quỹ Việt Tín,OTC
VTCCORP,Tổng Công ty Truyền thông đa phương tiện VTC,OTC
VTCINTECOM,Công ty VTC Công nghệ và Nội dung số ,OTC
VTCONLINE,CTCP VTC Truyền thông Trực tuyến,OTC
VTE,Công ty cổ phần Viễn thông Điện tử Vinacap,OTC
VTF,Công ty Cổ phần Thức ăn Chăn nuôi Việt Thắng,HSX
VTG,Công ty cổ phần Du lịch tỉnh Bà Rịa - Vũng Tàu,Upcom
VTH,Công ty Cổ phần Dây cáp điện Việt Thái,HNX
VTI,Công ty Cổ phần Sản xuất – Xuất nhập khẩu Dệt May,Upcom
VTJ,Công ty cổ phần Thương mại và Đầu tư Vinataba,Upcom
VTL,Công ty Cổ phần Vang Thăng Long,HNX
VTM,CTCP Vận tải và Đưa đón thợ mỏ - Vinacomin,Upcom
VTO,Công ty Cổ phần Vận tải Xăng dầu VITACO,HSX
VTS,Công ty Cổ phần Viglacera Từ Sơn ,HNX
VTSC,Công ty Cổ phần Chứng khoán Việt Thành,OTC
VTSS,Công ty Cổ phần Chứng khoán Việt Tín,OTC
VTV,Công ty Cổ phần VICEM Vật tư Vận tải Xi măng,HNX
VTVCAB,Tổng Công ty Truyền hình Cáp Việt Nam,OTC
VTX,Công ty cổ phần Vận tải đa phương thức Vietranstimex,Upcom
VVDIF,Quỹ Đầu tư Khám phá Giá trị Ngân hàng Công Thương Việt Nam,OTC
VWS,Công ty Cổ phần Nước và Môi trường Việt Nam,Upcom
VXB,Công ty Cổ phần Vật liệu xây dựng Bến Tre,HNX
WASATCH,Wasatch Frontier Emerging Small Countries Fund,OTC
WCS,Công ty Cổ phần Bến xe Miền Tây,HNX
WOORICBV,Công ty cổ phần Chứng khoán WOORI CBV,OTC
WSB,Công ty Cổ phần Bia Sài Gòn - Miền Tây,Upcom
WSS,Công ty Cổ phần Chứng khoán Phố Wall,HNX
WTC,CTCP Vận tải thủy - Vinacomin,Upcom
X18,Công ty Cổ phần Xi măng X18,Upcom
X77,Công ty Cổ phần Thành An 77,Upcom
XHC,Công ty cổ phần Xuân Hòa Việt Nam,Upcom
XMC,Công ty cổ phần Đầu Tư và Xây Dựng Xuân Mai,HNX
XMCP,CTCP Xi măng Cẩm Phả,OTC
XMCT,CTCP Xi măng Công Thanh,OTC
XMD,Công ty cổ phần Xuân Mai - Đạo Tú ,Upcom
XMHP,Công ty TNHH MTV Xi măng Vicem Hải Phòng,OTC
XMTD,Công ty TNHH MTV Xi măng Vicem Tam Điệp,OTC
XMXT,CTCP Xi măng Xuân Thành,OTC
XPH,Công ty Cổ phần Xà phòng Hà Nội,Upcom
YAMAHAVN,Công ty TNHH Yamaha Motor Việt Nam,OTC
YAN,CTCP Công nghệ và Tầm nhìn Yêu âm nhạc,OTC
YBC,Công ty Cổ phần Xi măng và Khoáng sản Yên Bái,Upcom
YEAH1,CTCP Tập đoàn Đại sứ trẻ,OTC
YENKHANH,Công ty TNHH Thương mại Dịch vụ Sản xuất Yên Khánh,OTC
YRC,CTCP Đường sắt Yên Lào,Upcom
YSC,Công ty Cổ phần Hapaco Yên Sơn,HNX
YSKH,Công ty TNHH Nhà nước MTV Yến sào Khánh Hòa,OTC